"","probability","RowNumber","Churn"
"129",0.330486652778853,1,"Yes"
"739",0.0463368755016621,2,"No"
"602",0.325844409191556,3,"No"
"201",0.148809704359205,4,"No"
"740",0.0219672650899697,5,"No"
"202",0.252780949602798,6,"No"
"203",0.0362021835825059,7,"No"
"741",0.319046186252721,8,"Yes"
"742",0.318374973514195,9,"No"
"204",0.131119711540088,10,"Yes"
"205",0.0313681410602541,11,"No"
"743",0.0364342818853776,12,"No"
"82",0.497293081660874,13,"Yes"
"744",0.0236579034491653,14,"No"
"745",0.034495874552015,15,"No"
"515",0.504003563304287,16,"Yes"
"746",0.517891514158896,17,"Yes"
"603",0.77648511261784,18,"Yes"
"206",0.0444408733766131,19,"No"
"747",0.337943056209803,20,"No"
"130",0.511999042961159,21,"No"
"558",0.706551189380263,22,"Yes"
"748",0.00871020015376066,23,"No"
"749",0.121123855323291,24,"No"
"750",0.264741633655298,25,"No"
"751",0.0366833164331415,26,"No"
"516",0.141893690958838,27,"No"
"752",0.11016526179842,28,"No"
"753",0.0109869211207716,29,"No"
"207",0.0750891284244359,30,"No"
"754",0.0166894305515257,31,"No"
"755",0.241831356986788,32,"No"
"756",0.0202749970378019,33,"No"
"604",0.803421659543722,34,"No"
"757",0.194650206900062,35,"No"
"758",0.0240644301311098,36,"No"
"759",0.0131773549334192,37,"No"
"760",0.0146695191679631,38,"No"
"761",0.119941915828585,39,"No"
"131",0.511999042961159,40,"No"
"762",0.290987741716172,41,"Yes"
"763",0.117194158825812,42,"No"
"764",0.00841892436735851,43,"No"
"765",0.0749739586888104,44,"No"
"83",0.540799543053612,45,"Yes"
"605",0.456694667627428,46,"No"
"208",0.0444408733766131,47,"No"
"209",0.0511830598714014,48,"No"
"766",0.0265672502285398,49,"No"
"767",0.250117882440369,50,"Yes"
"768",0.0267957141364269,51,"No"
"769",0.0370363691347354,52,"No"
"606",0.59752443333786,53,"Yes"
"770",0.0551593899427483,54,"No"
"84",0.639261099680956,55,"No"
"210",0.0626095432772974,56,"No"
"771",0.0800175240274626,57,"No"
"772",0.0350710008881758,58,"No"
"476",0.674329000686315,59,"No"
"773",0.168548973831726,60,"No"
"427",0.850832102617764,61,"Yes"
"774",0.117966267738765,62,"No"
"85",0.733684791443099,63,"No"
"775",0.0512639539895601,64,"No"
"776",0.0346657121902866,65,"No"
"477",0.468154692665167,66,"Yes"
"777",0.00891802153251029,67,"No"
"211",0.058969257532619,68,"No"
"778",0.35894705408577,69,"No"
"132",0.511999042961159,70,"Yes"
"428",0.850832102617764,71,"Yes"
"779",0.0434901090702577,72,"No"
"212",0.286559667129593,73,"No"
"780",0.0840077735497895,74,"No"
"517",0.504003563304287,75,"Yes"
"781",0.267917879796621,76,"No"
"782",0.0623576476003587,77,"No"
"783",0.167707067276588,78,"No"
"559",0.753348411926016,79,"No"
"429",0.850832102617764,80,"Yes"
"1",0.28487044046621,81,"No"
"560",0.658198230593845,82,"Yes"
"607",0.151679271706262,83,"No"
"784",0.0745948576044752,84,"No"
"785",0.0494060299211824,85,"No"
"478",0.468154692665167,86,"No"
"786",0.14269451529757,87,"No"
"787",0.277986421635171,88,"No"
"213",0.0949833290213057,89,"No"
"788",0.074971460559484,90,"No"
"789",0.404900149927698,91,"No"
"214",0.0825643293145694,92,"No"
"790",0.487564665944644,93,"No"
"479",0.608902755730929,94,"Yes"
"791",0.25994624950674,95,"No"
"792",0.0221141671773325,96,"No"
"133",0.511999042961159,97,"No"
"608",0.118847487069611,98,"No"
"793",0.111422895648633,99,"No"
"794",0.281588120588375,100,"No"
"795",0.537259226908713,101,"No"
"796",0.578896097868682,102,"No"
"797",0.300371837540698,103,"No"
"798",0.311167370991857,104,"No"
"215",0.130366728007999,105,"No"
"799",0.00854284531660064,106,"No"
"609",0.797424741730454,107,"Yes"
"800",0.0246092786759812,108,"No"
"480",0.608902755730929,109,"No"
"801",0.0178167588947208,110,"No"
"216",0.053505716844533,111,"No"
"610",0.537773386583909,112,"No"
"802",0.01442998776798,113,"No"
"217",0.29546086479858,114,"Yes"
"803",0.0238873537492766,115,"No"
"804",0.267613830689141,116,"No"
"805",0.320207540526191,117,"Yes"
"806",0.0639692939906432,118,"No"
"218",0.252780949602798,119,"No"
"807",0.397971702255887,120,"Yes"
"808",0.0139496319331086,121,"No"
"219",0.0719007199328872,122,"No"
"611",0.639347909105739,123,"Yes"
"809",0.179673809603086,124,"No"
"561",0.69982071063468,125,"Yes"
"810",0.04212031255841,126,"No"
"481",0.468154692665167,127,"Yes"
"811",0.0820411983118265,128,"No"
"2",0.28487044046621,129,"No"
"812",0.0595232571925688,130,"No"
"86",0.555196876537141,131,"Yes"
"813",0.185067551031251,132,"No"
"612",0.639481099933346,133,"Yes"
"814",0.221208378305121,134,"No"
"815",0.144679939247917,135,"No"
"816",0.212168013915439,136,"Yes"
"817",0.345633630798198,137,"Yes"
"818",0.348172426503204,138,"Yes"
"819",0.0203122848437251,139,"No"
"820",0.210842346251567,140,"No"
"562",0.729844328338986,141,"No"
"613",0.654513713745628,142,"No"
"821",0.0549771513137462,143,"No"
"822",0.0370545672492535,144,"No"
"220",0.140910914076152,145,"Yes"
"823",0.195230831137153,146,"No"
"221",0.0719007199328872,147,"No"
"824",0.0324495560151318,148,"No"
"825",0.0304083937796019,149,"No"
"222",0.17811957981401,150,"No"
"826",0.00961690367559099,151,"No"
"827",0.00895291706065839,152,"No"
"828",0.0527824514548587,153,"No"
"3",0.377814660715454,154,"No"
"430",0.850832102617764,155,"Yes"
"4",0.316221043522875,156,"No"
"829",0.0744137458961043,157,"No"
"830",0.019010948183242,158,"No"
"831",0.0274595766518544,159,"No"
"134",0.511999042961159,160,"No"
"223",0.252780949602798,161,"Yes"
"135",0.348310587963725,162,"No"
"832",0.141904074723351,163,"No"
"833",0.211329322844739,164,"No"
"834",0.183115460717338,165,"No"
"835",0.149469997341318,166,"No"
"224",0.177151719296832,167,"No"
"836",0.0514569086898918,168,"No"
"225",0.0719007199328872,169,"No"
"837",0.0656744072336059,170,"No"
"136",0.511999042961159,171,"Yes"
"226",0.237364193919758,172,"No"
"838",0.0582832225237153,173,"No"
"431",0.850832102617764,174,"Yes"
"614",0.769799446608841,175,"No"
"432",0.850832102617764,176,"No"
"839",0.021196014010889,177,"No"
"227",0.0825643293145694,178,"No"
"87",0.431023012731956,179,"Yes"
"840",0.410254078490822,180,"No"
"5",0.377814660715454,181,"No"
"841",0.244217384922281,182,"No"
"842",0.0571750381876867,183,"No"
"843",0.00694604829576899,184,"No"
"844",0.642561261465238,185,"Yes"
"228",0.130366728007999,186,"No"
"563",0.616968974540979,187,"No"
"845",0.182101868993738,188,"Yes"
"846",0.0531901956218572,189,"No"
"847",0.164513487242318,190,"No"
"848",0.266970800710462,191,"No"
"849",0.153924388064201,192,"No"
"850",0.12254113676201,193,"No"
"564",0.384953945472601,194,"Yes"
"229",0.375884705850501,195,"No"
"851",0.218104182199758,196,"No"
"230",0.046472559502573,197,"No"
"852",0.461818831667488,198,"Yes"
"853",0.125082496305329,199,"No"
"88",0.540799543053612,200,"Yes"
"854",0.163422992837692,201,"No"
"615",0.790270891554195,202,"Yes"
"855",0.0423185259237143,203,"No"
"856",0.259096459568666,204,"Yes"
"857",0.0294524986972821,205,"No"
"858",0.0943093121638759,206,"No"
"6",0.0872415309427879,207,"No"
"859",0.133928468520298,208,"No"
"860",0.397956465160564,209,"No"
"565",0.532789153709683,210,"Yes"
"861",0.0157688678813927,211,"No"
"862",0.00832178746032154,212,"No"
"231",0.0484222654807933,213,"No"
"7",0.232760636984785,214,"No"
"863",0.0250267982469033,215,"No"
"616",0.586967661176767,216,"Yes"
"8",0.211499373923585,217,"No"
"864",0.228647544968919,218,"Yes"
"137",0.511999042961159,219,"No"
"865",0.27105629873074,220,"No"
"866",0.249621936302384,221,"Yes"
"867",0.0961517846567581,222,"No"
"9",0.232760636984785,223,"No"
"617",0.672523666512128,224,"Yes"
"868",0.0123569299896891,225,"No"
"869",0.00654631863329175,226,"No"
"138",0.330486652778853,227,"No"
"232",0.0719007199328872,228,"No"
"870",0.025462968139595,229,"No"
"871",0.390007772185135,230,"No"
"872",0.0412466529793384,231,"No"
"873",0.215516755074799,232,"No"
"10",0.260465177185078,233,"No"
"139",0.511999042961159,234,"Yes"
"233",0.0825643293145694,235,"No"
"140",0.511999042961159,236,"Yes"
"566",0.746315512354275,237,"Yes"
"11",0.187681339530269,238,"No"
"433",0.931289790257183,239,"Yes"
"874",0.0325786609817817,240,"No"
"875",0.0442949429863781,241,"No"
"434",0.850832102617764,242,"Yes"
"876",0.0345500039963523,243,"No"
"877",0.0795063779476659,244,"No"
"878",0.0114104410997545,245,"No"
"234",0.0362021835825059,246,"No"
"879",0.179273167392227,247,"Yes"
"482",0.468154692665167,248,"Yes"
"141",0.330486652778853,249,"No"
"880",0.0459976984073492,250,"No"
"881",0.0141454020097735,251,"No"
"882",0.0505904869703639,252,"No"
"883",0.0512270964723129,253,"No"
"884",0.361544574878385,254,"No"
"885",0.0121558208017075,255,"No"
"235",0.308907858659523,256,"No"
"886",0.273126551303471,257,"No"
"887",0.281169006990718,258,"Yes"
"236",0.068102633270186,259,"No"
"237",0.463789052976803,260,"Yes"
"238",0.22601304091178,261,"No"
"888",0.249171605658219,262,"No"
"889",0.0191628056979959,263,"No"
"890",0.129255078533397,264,"No"
"891",0.0108052578796517,265,"No"
"618",0.577837208982913,266,"No"
"892",0.109078363237484,267,"No"
"239",0.108522544424376,268,"No"
"142",0.348310587963725,269,"No"
"143",0.511999042961159,270,"Yes"
"893",0.233568514933981,271,"No"
"483",0.608902755730929,272,"Yes"
"894",0.0354681662466861,273,"No"
"895",0.480917107391647,274,"No"
"896",0.0650309692202157,275,"No"
"240",0.163001660309906,276,"No"
"897",0.377368786688689,277,"No"
"898",0.254745028649474,278,"No"
"899",0.00670922266204589,279,"No"
"241",0.0378721524896687,280,"No"
"619",0.541607229871824,281,"No"
"89",0.880077367970104,282,"Yes"
"90",0.431023012731956,283,"No"
"567",0.579963596427319,284,"Yes"
"12",0.35835673036359,285,"No"
"900",0.0187359782425501,286,"No"
"568",0.685646926420766,287,"Yes"
"901",0.350654373503861,288,"Yes"
"13",0.527833795425773,289,"Yes"
"620",0.635915564280039,290,"No"
"621",0.839106834038271,291,"Yes"
"902",0.416492498869104,292,"No"
"903",0.0269347461540655,293,"No"
"904",0.207733766429793,294,"No"
"242",0.286559667129593,295,"No"
"905",0.0452211588379646,296,"No"
"622",0.388040698118282,297,"No"
"435",0.850832102617764,298,"Yes"
"906",0.170067117063237,299,"No"
"907",0.063393354318408,300,"No"
"243",0.108522544424376,301,"No"
"908",0.199314962768853,302,"No"
"623",0.797424741730454,303,"Yes"
"624",0.698254866440293,304,"Yes"
"144",0.511999042961159,305,"No"
"909",0.133166493778099,306,"No"
"910",0.334306175033587,307,"No"
"14",0.35835673036359,308,"No"
"484",0.468154692665167,309,"Yes"
"911",0.0156662961002688,310,"No"
"912",0.0193920991029041,311,"No"
"913",0.248559103224114,312,"Yes"
"914",0.0729531268289112,313,"No"
"915",0.00720508773402555,314,"No"
"15",0.118171033142785,315,"No"
"916",0.11993618503722,316,"No"
"917",0.125022284695188,317,"No"
"918",0.0295130680371633,318,"No"
"145",0.511999042961159,319,"No"
"919",0.0097482995344911,320,"No"
"146",0.348310587963725,321,"No"
"920",0.332671495627835,322,"No"
"518",0.297456257583256,323,"Yes"
"921",0.0125009815751142,324,"No"
"922",0.042355654137342,325,"No"
"625",0.715095292035592,326,"Yes"
"626",0.537773386583909,327,"Yes"
"923",0.568606840952825,328,"Yes"
"924",0.180468617975438,329,"No"
"147",0.511999042961159,330,"No"
"148",0.511999042961159,331,"Yes"
"925",0.0275262731876488,332,"No"
"244",0.0719007199328872,333,"No"
"245",0.130366728007999,334,"No"
"627",0.707385221794108,335,"No"
"628",0.690286444077914,336,"Yes"
"926",0.53971368793551,337,"No"
"16",0.28487044046621,338,"No"
"927",0.0457770368857875,339,"No"
"928",0.0200927827433612,340,"No"
"149",0.511999042961159,341,"Yes"
"929",0.0129225123597049,342,"No"
"519",0.238783530525037,343,"No"
"930",0.0164570439756453,344,"No"
"931",0.0346310505850491,345,"No"
"932",0.0062571841935996,346,"No"
"933",0.493299888606679,347,"Yes"
"934",0.393940718277358,348,"No"
"935",0.0163434213468506,349,"No"
"485",0.674329000686315,350,"No"
"569",0.517687838534582,351,"Yes"
"936",0.0306540060884081,352,"No"
"246",0.119411330483486,353,"No"
"937",0.0245696686657153,354,"No"
"247",0.135768517829528,355,"No"
"938",0.127464967759106,356,"No"
"939",0.0787450787276208,357,"No"
"486",0.674329000686315,358,"Yes"
"940",0.154842230171055,359,"No"
"941",0.0470957992356858,360,"No"
"248",0.130366728007999,361,"No"
"942",0.191487272508462,362,"No"
"943",0.0320856956270887,363,"No"
"17",0.35835673036359,364,"Yes"
"944",0.288142573431094,365,"No"
"629",0.769901799437111,366,"Yes"
"945",0.0270466582484743,367,"No"
"630",0.501073867063084,368,"Yes"
"946",0.264450829917054,369,"No"
"570",0.645401187735706,370,"No"
"947",0.0260871868114948,371,"No"
"948",0.288216531789126,372,"No"
"631",0.586967661176767,373,"Yes"
"949",0.0827453897028139,374,"No"
"18",0.393346345434529,375,"No"
"950",0.275787319109711,376,"No"
"249",0.0719007199328872,377,"No"
"951",0.072992763763216,378,"No"
"952",0.421857245496552,379,"No"
"953",0.0805120619556672,380,"No"
"954",0.011536874910938,381,"No"
"955",0.393102983709455,382,"No"
"520",0.504003563304287,383,"Yes"
"956",0.0128158734878697,384,"No"
"150",0.511999042961159,385,"Yes"
"19",0.0638214721730752,386,"No"
"91",0.678811690962154,387,"Yes"
"957",0.14172403250364,388,"No"
"571",0.739318042125053,389,"No"
"250",0.463789052976803,390,"No"
"958",0.0111039137806515,391,"No"
"251",0.104418463435343,392,"No"
"632",0.690162928744965,393,"Yes"
"959",0.0841663368899466,394,"No"
"151",0.511999042961159,395,"Yes"
"960",0.112556820130875,396,"No"
"961",0.0373967572319853,397,"No"
"252",0.184081713514315,398,"No"
"20",0.232760636984785,399,"No"
"962",0.0409634263255937,400,"No"
"253",0.22601304091178,401,"No"
"254",0.308907858659523,402,"No"
"21",0.28487044046621,403,"No"
"963",0.205565469010228,404,"Yes"
"964",0.0298315003480345,405,"No"
"521",0.80517953207026,406,"Yes"
"255",0.0569750873800662,407,"No"
"965",0.0541847905044619,408,"No"
"256",0.286559667129593,409,"No"
"966",0.0098530328923224,410,"No"
"257",0.0362021835825059,411,"No"
"22",0.149629977337536,412,"No"
"967",0.00889238786136037,413,"No"
"522",0.504003563304287,414,"Yes"
"436",0.931289790257183,415,"Yes"
"968",0.357170243996055,416,"No"
"523",0.669599605499293,417,"Yes"
"969",0.0202268698499931,418,"No"
"970",0.0149500676141041,419,"No"
"971",0.341489523404393,420,"No"
"524",0.415738678317676,421,"No"
"972",0.30645854844911,422,"Yes"
"973",0.0798762478755193,423,"No"
"974",0.0253710038205252,424,"No"
"975",0.382095078006645,425,"Yes"
"437",0.931289790257183,426,"Yes"
"976",0.125459837972567,427,"Yes"
"633",0.723917558270268,428,"No"
"152",0.511999042961159,429,"Yes"
"977",0.0153776085701129,430,"No"
"978",0.105188383072399,431,"Yes"
"979",0.00701158905048965,432,"No"
"92",0.733684791443099,433,"Yes"
"634",0.869367313670714,434,"Yes"
"258",0.286559667129593,435,"No"
"980",0.0233645811458333,436,"No"
"259",0.0313681410602541,437,"No"
"981",0.174319764470217,438,"No"
"93",0.540799543053612,439,"Yes"
"438",0.850832102617764,440,"Yes"
"23",0.28487044046621,441,"Yes"
"439",0.850832102617764,442,"Yes"
"982",0.273381856657556,443,"No"
"983",0.0725116966191144,444,"No"
"984",0.00874175543288712,445,"No"
"985",0.014392608211851,446,"No"
"986",0.181366296691554,447,"No"
"987",0.0823631117016282,448,"No"
"988",0.0284692577220173,449,"No"
"989",0.471608458956402,450,"Yes"
"572",0.614949236915329,451,"Yes"
"990",0.00545959041153572,452,"No"
"991",0.0239921339088528,453,"No"
"635",0.790270891554195,454,"Yes"
"992",0.556509138118076,455,"Yes"
"993",0.0332154602143037,456,"No"
"573",0.271079258825133,457,"No"
"94",0.758289766636168,458,"No"
"24",0.28487044046621,459,"No"
"994",0.251131637798653,460,"No"
"995",0.106224839830103,461,"No"
"525",0.258667922179287,462,"Yes"
"996",0.00568188157585921,463,"No"
"997",0.102291035983924,464,"No"
"998",0.00921231249615466,465,"No"
"999",0.00665288097732585,466,"No"
"1000",0.158607352456676,467,"No"
"1001",0.0994325747168283,468,"No"
"1002",0.0603472218547725,469,"No"
"1003",0.0781738094363999,470,"No"
"25",0.190456818643644,471,"No"
"1004",0.100007418999611,472,"No"
"260",0.218555035072445,473,"No"
"153",0.511999042961159,474,"Yes"
"26",0.149629977337536,475,"No"
"1005",0.017524989661759,476,"No"
"95",0.431023012731956,477,"No"
"1006",0.227846865322448,478,"Yes"
"1007",0.067162320313922,479,"No"
"1008",0.0328832402625285,480,"No"
"27",0.28487044046621,481,"No"
"28",0.443621944719508,482,"No"
"1009",0.0205219282266385,483,"No"
"154",0.511999042961159,484,"No"
"261",0.237364193919758,485,"Yes"
"1010",0.244048676346424,486,"Yes"
"636",0.490145907322796,487,"No"
"1011",0.0378725658958453,488,"No"
"1012",0.0168041494365784,489,"Yes"
"637",0.672650878424906,490,"Yes"
"1013",0.635734907157835,491,"No"
"1014",0.0384161539754347,492,"No"
"1015",0.0167710251299765,493,"No"
"262",0.0719007199328872,494,"No"
"638",0.610195991396448,495,"Yes"
"263",0.12628211064067,496,"Yes"
"1016",0.0671477761023217,497,"No"
"1017",0.0105386446695886,498,"No"
"1018",0.100216401065127,499,"No"
"1019",0.0164456991240156,500,"No"
"639",0.769901799437111,501,"Yes"
"1020",0.0334825110143263,502,"No"
"1021",0.0173804755733982,503,"No"
"155",0.511999042961159,504,"Yes"
"1022",0.218987950750586,505,"Yes"
"156",0.511999042961159,506,"No"
"1023",0.511372463626366,507,"Yes"
"640",0.456694667627428,508,"Yes"
"1024",0.0221060321191419,509,"No"
"1025",0.0836109245970594,510,"No"
"1026",0.00707093757659391,511,"No"
"1027",0.205944510678592,512,"Yes"
"1028",0.0410851924926703,513,"No"
"1029",0.430879904024394,514,"No"
"1030",0.174601813918659,515,"No"
"1031",0.0519520819009168,516,"No"
"264",0.0362021835825059,517,"No"
"29",0.35835673036359,518,"Yes"
"1032",0.19002157186844,519,"Yes"
"641",0.400831305459287,520,"No"
"642",0.664202520082532,521,"Yes"
"1033",0.0287399938609152,522,"No"
"1034",0.187357130904714,523,"No"
"1035",0.132211745590448,524,"No"
"487",0.468154692665167,525,"No"
"265",0.2655463969785,526,"No"
"1036",0.448304953317726,527,"No"
"1037",0.153352815685882,528,"Yes"
"1038",0.0293311882839904,529,"No"
"440",0.850832102617764,530,"Yes"
"1039",0.0285205092884979,531,"No"
"1040",0.483539560674683,532,"Yes"
"488",0.468154692665167,533,"Yes"
"1041",0.321793916632213,534,"No"
"1042",0.0369384890479515,535,"No"
"1043",0.0171958185992047,536,"No"
"489",0.468154692665167,537,"Yes"
"1044",0.597022228547201,538,"Yes"
"643",0.747019758326777,539,"Yes"
"266",0.225802753052816,540,"No"
"526",0.309372554126656,541,"No"
"1045",0.317797748696641,542,"Yes"
"1046",0.0119707004127167,543,"No"
"1047",0.166043720851716,544,"No"
"157",0.348310587963725,545,"No"
"1048",0.125674343814756,546,"No"
"1049",0.0558530184673416,547,"No"
"1050",0.0404752924199514,548,"No"
"1051",0.566940011789632,549,"No"
"1052",0.265353213315453,550,"Yes"
"441",0.931289790257183,551,"Yes"
"1053",0.247448678615911,552,"No"
"490",0.468154692665167,553,"Yes"
"1054",0.0161148056585262,554,"No"
"1055",0.0316506756825231,555,"No"
"527",0.645637527914197,556,"No"
"1056",0.0146712794724651,557,"No"
"1057",0.0502688861620769,558,"No"
"1058",0.0787368954319353,559,"No"
"1059",0.0194531448312114,560,"No"
"1060",0.0992192488706801,561,"No"
"1061",0.0177656201518866,562,"No"
"1062",0.0254650182220022,563,"No"
"574",0.708045930146367,564,"Yes"
"491",0.608902755730929,565,"Yes"
"1063",0.0242203887501306,566,"No"
"442",0.850832102617764,567,"Yes"
"1064",0.309762571304648,568,"No"
"644",0.815939882883941,569,"No"
"1065",0.0240717473882332,570,"No"
"645",0.762066000888182,571,"Yes"
"96",0.782204783408697,572,"No"
"1066",0.0389042083515893,573,"No"
"1067",0.0245247200030012,574,"No"
"1068",0.166642672155934,575,"No"
"492",0.468154692665167,576,"No"
"267",0.14376172459862,577,"No"
"1069",0.158652734316407,578,"No"
"1070",0.0224456047659899,579,"No"
"1071",0.249095504912862,580,"No"
"1072",0.0866142310732614,581,"No"
"1073",0.148294062310712,582,"No"
"1074",0.0563815450897185,583,"No"
"1075",0.051224006359398,584,"No"
"1076",0.0175330979737553,585,"No"
"646",0.577837208982913,586,"No"
"158",0.330486652778853,587,"No"
"1077",0.0808492879442319,588,"No"
"30",0.200771748862358,589,"No"
"1078",0.0416312164531679,590,"No"
"647",0.769901799437111,591,"No"
"1079",0.0213925345318066,592,"No"
"268",0.0945181830346904,593,"No"
"528",0.504003563304287,594,"No"
"1080",0.00665288977715351,595,"No"
"159",0.511999042961159,596,"Yes"
"1081",0.0477093693619725,597,"No"
"31",0.527833795425773,598,"No"
"1082",0.0163836194811669,599,"No"
"1083",0.484354880183639,600,"Yes"
"269",0.0444408733766131,601,"No"
"648",0.739748139386456,602,"No"
"97",0.758289766636168,603,"No"
"1084",0.286557354673857,604,"Yes"
"1085",0.12595123671769,605,"No"
"270",0.286559667129593,606,"No"
"1086",0.0247721331347246,607,"No"
"1087",0.164966130559724,608,"No"
"1088",0.0420575743854426,609,"No"
"271",0.115125358222044,610,"No"
"1089",0.21892106284616,611,"Yes"
"1090",0.0542455313066101,612,"No"
"272",0.119411330483486,613,"No"
"273",0.22601304091178,614,"No"
"1091",0.0213346946409251,615,"No"
"575",0.720836100128532,616,"No"
"649",0.739859338455853,617,"Yes"
"650",0.537773386583909,618,"Yes"
"1092",0.261690824311019,619,"No"
"274",0.0677592697632308,620,"No"
"1093",0.0303327113122621,621,"No"
"529",0.141893690958838,622,"No"
"275",0.0719007199328872,623,"No"
"276",0.326979074450772,624,"Yes"
"651",0.839106834038271,625,"No"
"277",0.0362021835825059,626,"No"
"32",0.149629977337536,627,"No"
"1094",0.0518914035206,628,"No"
"1095",0.0430815605763292,629,"No"
"1096",0.0235547572507956,630,"No"
"1097",0.636459872398269,631,"Yes"
"1098",0.0106461789378146,632,"No"
"1099",0.00485658328506303,633,"No"
"1100",0.0510003560966937,634,"No"
"652",0.803421659543722,635,"Yes"
"576",0.621863357539781,636,"Yes"
"1101",0.00985375787265193,637,"No"
"1102",0.0581342785450318,638,"No"
"1103",0.00699481239676863,639,"No"
"1104",0.0460564779775404,640,"No"
"1105",0.107369564799973,641,"No"
"1106",0.0171748879727303,642,"No"
"1107",0.101929014361632,643,"No"
"1108",0.025477877107968,644,"No"
"278",0.149154622241199,645,"Yes"
"279",0.0945181830346904,646,"No"
"1109",0.26913352122015,647,"Yes"
"1110",0.532582294238499,648,"Yes"
"443",0.931289790257183,649,"Yes"
"1111",0.019628796218444,650,"No"
"1112",0.39190044878569,651,"No"
"1113",0.145677788867009,652,"No"
"280",0.0752782852130949,653,"No"
"444",0.850832102617764,654,"No"
"1114",0.0640796698385874,655,"No"
"1115",0.447347590012899,656,"No"
"281",0.326979074450772,657,"Yes"
"1116",0.311611431687548,658,"Yes"
"1117",0.0757430070707791,659,"Yes"
"530",0.80517953207026,660,"Yes"
"282",0.0654885332800479,661,"No"
"445",0.850832102617764,662,"Yes"
"1118",0.0547016751523447,663,"Yes"
"283",0.326979074450772,664,"No"
"1119",0.18822888738409,665,"No"
"284",0.218555035072445,666,"No"
"531",0.133313654850551,667,"Yes"
"1120",0.111443684670216,668,"No"
"285",0.119411330483486,669,"Yes"
"653",0.59752443333786,670,"No"
"1121",0.601562594394883,671,"Yes"
"1122",0.0151535163816825,672,"No"
"1123",0.0753650026100167,673,"No"
"1124",0.0409507737670035,674,"No"
"1125",0.333874717044919,675,"No"
"1126",0.0629466390654852,676,"No"
"1127",0.213285752750507,677,"No"
"1128",0.0168179963023069,678,"No"
"654",0.783980657798753,679,"Yes"
"1129",0.0143708157914988,680,"No"
"1130",0.00758318199228606,681,"No"
"286",0.0362021835825059,682,"No"
"1131",0.0301967043863519,683,"No"
"1132",0.0246407392957272,684,"No"
"1133",0.00670759762524244,685,"No"
"98",0.540799543053612,686,"No"
"160",0.511999042961159,687,"Yes"
"655",0.747019758326777,688,"Yes"
"1134",0.0292024006810011,689,"No"
"1135",0.0394907416932211,690,"No"
"1136",0.00768797467185626,691,"No"
"1137",0.0265596381262819,692,"No"
"1138",0.12154813027313,693,"No"
"33",0.0821597722401696,694,"No"
"287",0.0719007199328872,695,"No"
"1139",0.271464791724081,696,"No"
"1140",0.310624274486981,697,"No"
"1141",0.0476666186355405,698,"No"
"446",0.931289790257183,699,"Yes"
"99",0.791056002022595,700,"Yes"
"447",0.931289790257183,701,"Yes"
"161",0.200934533495623,702,"No"
"288",0.0444408733766131,703,"No"
"289",0.0511830598714014,704,"Yes"
"656",0.5509122724828,705,"Yes"
"290",0.286559667129593,706,"No"
"1142",0.0723185747413954,707,"No"
"1143",0.263629227750072,708,"Yes"
"657",0.707385221794108,709,"Yes"
"291",0.115125358222044,710,"Yes"
"1144",0.0414908281891987,711,"No"
"577",0.715906589928481,712,"Yes"
"1145",0.0277137354350982,713,"No"
"1146",0.0115923144287539,714,"No"
"658",0.654513713745628,715,"Yes"
"34",0.28487044046621,716,"Yes"
"1147",0.0232207399163982,717,"No"
"162",0.200934533495623,718,"No"
"1148",0.0121063225088679,719,"No"
"659",0.85985867378088,720,"Yes"
"1149",0.029886940709819,721,"No"
"1150",0.0296030647460133,722,"No"
"1151",0.0162850092124098,723,"No"
"1152",0.236897246717851,724,"No"
"660",0.616902245464492,725,"Yes"
"1153",0.547372381025436,726,"Yes"
"292",0.463789052976803,727,"No"
"1154",0.00849835500951425,728,"No"
"1155",0.0283645806860644,729,"No"
"1156",0.0207384528339052,730,"Yes"
"448",0.850832102617764,731,"Yes"
"1157",0.144631944120842,732,"No"
"1158",0.0374692066449831,733,"No"
"1159",0.0668356143606593,734,"No"
"661",0.803421659543722,735,"Yes"
"1160",0.132016451609324,736,"No"
"1161",0.163228236897331,737,"No"
"1162",0.148453047924832,738,"No"
"1163",0.345564630543066,739,"No"
"532",0.415738678317676,740,"Yes"
"1164",0.330716483866807,741,"Yes"
"293",0.12628211064067,742,"No"
"1165",0.0698815053307102,743,"No"
"1166",0.264665204156312,744,"No"
"1167",0.0216006379939426,745,"No"
"1168",0.0366549693268218,746,"No"
"294",0.171890986186787,747,"Yes"
"35",0.118171033142785,748,"No"
"295",0.0719007199328872,749,"No"
"1169",0.00888277861092985,750,"No"
"662",0.577837208982913,751,"Yes"
"1170",0.158652355350666,752,"No"
"1171",0.0420759612001471,753,"No"
"1172",0.332714606430745,754,"No"
"100",0.297200461375492,755,"No"
"101",0.870769335722878,756,"Yes"
"1173",0.0319827090599913,757,"No"
"1174",0.0118987021303085,758,"No"
"1175",0.684046549316,759,"Yes"
"493",0.468154692665167,760,"No"
"1176",0.0581560250099397,761,"No"
"533",0.309372554126656,762,"No"
"1177",0.0679664614219972,763,"No"
"36",0.232760636984785,764,"No"
"1178",0.1356267792156,765,"No"
"1179",0.160333096359575,766,"No"
"1180",0.018776135430387,767,"No"
"1181",0.0837263130203941,768,"No"
"1182",0.491543157532576,769,"Yes"
"1183",0.0106099692960743,770,"No"
"296",0.308907858659523,771,"Yes"
"1184",0.0222768801198628,772,"No"
"1185",0.0546611574218544,773,"No"
"1186",0.214562862232627,774,"No"
"534",0.309372554126656,775,"No"
"37",0.28487044046621,776,"Yes"
"297",0.0719007199328872,777,"No"
"535",0.228685845491682,778,"No"
"1187",0.18495879962754,779,"No"
"298",0.237364193919758,780,"Yes"
"1188",0.0288584782978309,781,"No"
"1189",0.0223024695581257,782,"No"
"1190",0.0474895975155301,783,"No"
"299",0.0677592697632308,784,"No"
"1191",0.169685632331631,785,"No"
"38",0.187681339530269,786,"No"
"1192",0.0278927650164697,787,"No"
"163",0.511999042961159,788,"Yes"
"1193",0.34446500980256,789,"No"
"1194",0.0150126438041906,790,"No"
"39",0.187681339530269,791,"No"
"1195",0.396331937688157,792,"No"
"1196",0.0724755048210658,793,"No"
"449",0.931289790257183,794,"Yes"
"300",0.0220521402686104,795,"No"
"164",0.511999042961159,796,"Yes"
"40",0.377814660715454,797,"No"
"165",0.511999042961159,798,"No"
"301",0.463789052976803,799,"Yes"
"302",0.326979074450772,800,"No"
"1197",0.296423577136833,801,"No"
"1198",0.0523984177331447,802,"No"
"1199",0.131003341069038,803,"No"
"1200",0.217078752707479,804,"No"
"578",0.617592108542132,805,"No"
"1201",0.017341987902496,806,"No"
"1202",0.0676470895071901,807,"No"
"1203",0.332909407342563,808,"Yes"
"1204",0.00565453913867327,809,"No"
"1205",0.1363165750568,810,"No"
"1206",0.00928658907945648,811,"No"
"1207",0.305317142580999,812,"Yes"
"1208",0.362466324623289,813,"No"
"1209",0.434801196249234,814,"No"
"1210",0.633431188976484,815,"Yes"
"303",0.0719007199328872,816,"No"
"1211",0.05015938314213,817,"No"
"166",0.511999042961159,818,"No"
"1212",0.0122886239861937,819,"No"
"41",0.149629977337536,820,"No"
"1213",0.0938869509273814,821,"No"
"1214",0.523761501252093,822,"Yes"
"1215",0.233853740462784,823,"No"
"1216",0.02827282127334,824,"No"
"1217",0.210240910749712,825,"No"
"1218",0.254143294779784,826,"No"
"1219",0.178143804538301,827,"No"
"663",0.85985867378088,828,"Yes"
"304",0.375884705850501,829,"No"
"1220",0.422565074463627,830,"Yes"
"664",0.769901799437111,831,"Yes"
"1221",0.145462469353174,832,"No"
"665",0.77648511261784,833,"Yes"
"1222",0.0546531016370605,834,"No"
"579",0.483524061338193,835,"Yes"
"1223",0.318616356038771,836,"No"
"305",0.326979074450772,837,"No"
"1224",0.00580514297470925,838,"No"
"450",0.931289790257183,839,"Yes"
"1225",0.0544559102406838,840,"No"
"1226",0.00556597468488457,841,"No"
"1227",0.0443149311648575,842,"No"
"1228",0.157591516205524,843,"No"
"1229",0.0843596611370603,844,"No"
"42",0.0821597722401696,845,"No"
"1230",0.0425897884138196,846,"No"
"1231",0.0321929057012419,847,"No"
"1232",0.016495215192467,848,"No"
"167",0.200934533495623,849,"No"
"1233",0.0498037793247678,850,"No"
"306",0.252780949602798,851,"No"
"307",0.0914386632245654,852,"No"
"1234",0.0100658794878591,853,"No"
"1235",0.119806533932008,854,"No"
"308",0.168805077035124,855,"No"
"666",0.662953118002965,856,"Yes"
"1236",0.0180504119766135,857,"No"
"1237",0.0563285395222765,858,"No"
"1238",0.243563772856558,859,"No"
"451",0.931289790257183,860,"Yes"
"1239",0.0326470705944661,861,"No"
"1240",0.503914152275418,862,"Yes"
"43",0.28487044046621,863,"No"
"1241",0.028614719547025,864,"No"
"1242",0.00705900902324808,865,"No"
"102",0.377940568575596,866,"No"
"494",0.468154692665167,867,"No"
"1243",0.0847030352138483,868,"No"
"1244",0.00638048120710153,869,"No"
"1245",0.0179316165914352,870,"No"
"1246",0.1143095601633,871,"No"
"1247",0.0856181134001395,872,"Yes"
"44",0.28487044046621,873,"No"
"1248",0.0588555791529238,874,"No"
"309",0.375884705850501,875,"No"
"310",0.0220521402686104,876,"No"
"311",0.0825643293145694,877,"No"
"1249",0.118401991045749,878,"No"
"1250",0.432478485121075,879,"No"
"1251",0.0554112715864099,880,"No"
"1252",0.369271559449385,881,"No"
"312",0.237364193919758,882,"No"
"495",0.674329000686315,883,"Yes"
"45",0.443621944719508,884,"No"
"1253",0.231234818401251,885,"No"
"1254",0.012231209277595,886,"No"
"667",0.803421659543722,887,"Yes"
"313",0.119411330483486,888,"No"
"103",0.213844552739891,889,"Yes"
"104",0.782204783408697,890,"No"
"1255",0.0333373170701012,891,"No"
"1256",0.246511359177084,892,"Yes"
"1257",0.0214195485685749,893,"No"
"1258",0.151996660241813,894,"No"
"668",0.476917213769178,895,"No"
"1259",0.039942741245839,896,"No"
"1260",0.0137342666888211,897,"No"
"314",0.252780949602798,898,"No"
"315",0.130366728007999,899,"No"
"452",0.850832102617764,900,"No"
"316",0.0362021835825059,901,"No"
"168",0.511999042961159,902,"Yes"
"1261",0.621900267596883,903,"No"
"536",0.504003563304287,904,"No"
"1262",0.0057142332376981,905,"No"
"1263",0.0188252591984642,906,"No"
"105",0.893632865716306,907,"Yes"
"1264",0.0260777959555986,908,"No"
"1265",0.0236275761749457,909,"No"
"1266",0.239246337696238,910,"Yes"
"46",0.28487044046621,911,"No"
"317",0.104418463435343,912,"No"
"318",0.237364193919758,913,"Yes"
"1267",0.28885000380315,914,"No"
"1268",0.0597726220355048,915,"Yes"
"1269",0.285918878373823,916,"No"
"1270",0.0646698797950519,917,"No"
"1271",0.00954934928717822,918,"No"
"319",0.0444408733766131,919,"No"
"1272",0.0723572659492422,920,"No"
"1273",0.0931922569566789,921,"No"
"1274",0.0117146290320348,922,"No"
"1275",0.242846755166763,923,"Yes"
"537",0.504003563304287,924,"No"
"1276",0.0777240372904901,925,"No"
"669",0.810234651885269,926,"No"
"580",0.70282615439868,927,"Yes"
"670",0.878322085627434,928,"Yes"
"1277",0.113379151450236,929,"No"
"1278",0.0360510646055384,930,"No"
"538",0.258667922179287,931,"No"
"581",0.666880514325392,932,"Yes"
"47",0.118171033142785,933,"No"
"1279",0.148845509133853,934,"No"
"1280",0.50379643959804,935,"Yes"
"169",0.511999042961159,936,"No"
"1281",0.0327490315848123,937,"No"
"1282",0.10738383902749,938,"Yes"
"48",0.022040687811264,939,"Yes"
"1283",0.674076984293356,940,"Yes"
"320",0.218555035072445,941,"No"
"582",0.443210540272281,942,"No"
"1284",0.0350129745205897,943,"No"
"49",0.28487044046621,944,"No"
"671",0.797424741730454,945,"Yes"
"1285",0.149941290942429,946,"No"
"1286",0.105167599896055,947,"No"
"1287",0.0119621257007931,948,"No"
"50",0.0424225524988928,949,"No"
"1288",0.0286214945826725,950,"No"
"583",0.473619045961419,951,"Yes"
"1289",0.470996133295977,952,"No"
"1290",0.199702991649169,953,"Yes"
"1291",0.0536628702784918,954,"No"
"1292",0.243847917434305,955,"No"
"51",0.28487044046621,956,"No"
"321",0.0719007199328872,957,"No"
"1293",0.168916977649436,958,"No"
"1294",0.447718886844297,959,"No"
"584",0.768768694565616,960,"No"
"672",0.654513713745628,961,"No"
"673",0.537773386583909,962,"No"
"674",0.797424741730454,963,"No"
"539",0.309372554126656,964,"Yes"
"1295",0.0472145764428975,965,"No"
"322",0.0362021835825059,966,"No"
"323",0.218555035072445,967,"No"
"1296",0.100377293430875,968,"No"
"1297",0.0102439451704988,969,"No"
"1298",0.018837405374095,970,"No"
"1299",0.161615812427584,971,"No"
"1300",0.0246249083268108,972,"No"
"675",0.839106834038271,973,"Yes"
"1301",0.238030102489724,974,"Yes"
"52",0.190456818643644,975,"Yes"
"585",0.628167804281706,976,"No"
"1302",0.049647076092219,977,"No"
"1303",0.0914893267600621,978,"No"
"1304",0.00705900902324808,979,"No"
"53",0.151948001411155,980,"No"
"324",0.148809704359205,981,"Yes"
"496",0.468154692665167,982,"Yes"
"1305",0.234548207140734,983,"No"
"106",0.431023012731956,984,"No"
"1306",0.0300436839670584,985,"No"
"1307",0.00772132649835198,986,"No"
"1308",0.0231778170385426,987,"No"
"1309",0.0711452459665613,988,"No"
"1310",0.560590870994751,989,"Yes"
"1311",0.00748625191108964,990,"No"
"1312",0.00637901050363215,991,"No"
"1313",0.0412437197523661,992,"No"
"1314",0.206341057818639,993,"Yes"
"1315",0.0395772552527529,994,"No"
"1316",0.0485333152629937,995,"No"
"1317",0.0375698626049011,996,"No"
"170",0.511999042961159,997,"No"
"676",0.731357450371557,998,"Yes"
"1318",0.0585581783824397,999,"No"
"1319",0.16269736135883,1000,"No"
"325",0.17811957981401,1001,"No"
"1320",0.0131364478553916,1002,"No"
"677",0.827831766525024,1003,"No"
"1321",0.0389730966005803,1004,"No"
"1322",0.477768799798414,1005,"No"
"1323",0.152030124548977,1006,"Yes"
"171",0.511999042961159,1007,"Yes"
"453",0.850832102617764,1008,"Yes"
"1324",0.0359291621716357,1009,"No"
"1325",0.375324726720395,1010,"Yes"
"326",0.119411330483486,1011,"No"
"1326",0.332453329007573,1012,"No"
"1327",0.0280495072845184,1013,"No"
"1328",0.0162081535268715,1014,"No"
"1329",0.222594827497895,1015,"Yes"
"1330",0.282474134359525,1016,"No"
"1331",0.344070423561677,1017,"No"
"454",0.931289790257183,1018,"Yes"
"1332",0.244375042449878,1019,"Yes"
"327",0.053505716844533,1020,"No"
"1333",0.0161197668142465,1021,"No"
"1334",0.0876112753040314,1022,"No"
"172",0.511999042961159,1023,"No"
"1335",0.0773433976130538,1024,"No"
"586",0.653942207105112,1025,"Yes"
"328",0.237364193919758,1026,"No"
"107",0.870769335722878,1027,"Yes"
"1336",0.487575309487989,1028,"Yes"
"1337",0.483716247167592,1029,"Yes"
"329",0.0362021835825059,1030,"No"
"1338",0.00766678825634515,1031,"No"
"1339",0.0130706916649365,1032,"No"
"1340",0.0388006992428569,1033,"No"
"1341",0.0710724118194739,1034,"No"
"1342",0.0828000224244897,1035,"No"
"678",0.616902245464492,1036,"No"
"1343",0.245258964719275,1037,"No"
"54",0.168502089170835,1038,"No"
"330",0.0719007199328872,1039,"No"
"1344",0.0205057665696773,1040,"No"
"540",0.191028074122438,1041,"Yes"
"1345",0.0149019891435718,1042,"No"
"331",0.0444408733766131,1043,"No"
"1346",0.115977406016176,1044,"No"
"1347",0.0108498930954416,1045,"No"
"1348",0.00858038972607422,1046,"No"
"1349",0.305256931754684,1047,"No"
"1350",0.356169603806074,1048,"No"
"1351",0.126509234519793,1049,"No"
"541",0.80517953207026,1050,"No"
"1352",0.0314187585094206,1051,"No"
"679",0.803421659543722,1052,"No"
"1353",0.0897651604582782,1053,"No"
"1354",0.0288714179453492,1054,"No"
"1355",0.0234087792299664,1055,"No"
"1356",0.0132564289469728,1056,"No"
"1357",0.0423467349853981,1057,"No"
"1358",0.36925553160466,1058,"No"
"332",0.463789052976803,1059,"No"
"1359",0.0272129058600442,1060,"No"
"55",0.0332147322629018,1061,"No"
"1360",0.0744907298364295,1062,"No"
"1361",0.0872364016969281,1063,"No"
"1362",0.0108876858041263,1064,"No"
"680",0.616902245464492,1065,"No"
"497",0.468154692665167,1066,"No"
"1363",0.438508155057526,1067,"Yes"
"498",0.539312247557521,1068,"No"
"681",0.267187332771099,1069,"Yes"
"1364",0.00909117994845583,1070,"No"
"1365",0.0919730248935042,1071,"No"
"1366",0.285647746271086,1072,"No"
"455",0.850832102617764,1073,"Yes"
"1367",0.101285082834795,1074,"No"
"1368",0.0454900294572276,1075,"No"
"587",0.591441635984521,1076,"Yes"
"1369",0.379517611727232,1077,"No"
"1370",0.156280477977726,1078,"No"
"499",0.608902755730929,1079,"Yes"
"333",0.0719007199328872,1080,"No"
"108",0.893632865716306,1081,"Yes"
"1371",0.0713885639153023,1082,"No"
"334",0.0719007199328872,1083,"No"
"1372",0.0232724785108304,1084,"No"
"1373",0.0105889244513896,1085,"No"
"1374",0.0247812632360926,1086,"No"
"335",0.163001660309906,1087,"No"
"1375",0.0441429653169423,1088,"No"
"1376",0.136786389726283,1089,"No"
"682",0.343810494527421,1090,"Yes"
"500",0.468154692665167,1091,"No"
"683",0.40750337722865,1092,"No"
"1377",0.0973975240912605,1093,"No"
"684",0.790270891554195,1094,"Yes"
"1378",0.342498222904433,1095,"Yes"
"542",0.645637527914197,1096,"No"
"1379",0.436095109019012,1097,"No"
"685",0.698254866440293,1098,"Yes"
"456",0.850832102617764,1099,"Yes"
"543",0.0485670070558404,1100,"Yes"
"1380",0.0548041346731316,1101,"No"
"336",0.29546086479858,1102,"No"
"1381",0.067128610745,1103,"No"
"686",0.739859338455853,1104,"Yes"
"1382",0.00889769482069571,1105,"No"
"1383",0.147583183336515,1106,"No"
"457",0.850832102617764,1107,"Yes"
"337",0.0825643293145694,1108,"No"
"1384",0.0791691325969135,1109,"No"
"1385",0.400950573844646,1110,"Yes"
"1386",0.472523224843429,1111,"No"
"1387",0.182607675114267,1112,"No"
"1388",0.0103414079251089,1113,"No"
"1389",0.196024041714524,1114,"No"
"1390",0.432689200021314,1115,"Yes"
"458",0.850832102617764,1116,"Yes"
"1391",0.0437625372599363,1117,"Yes"
"687",0.420494700786426,1118,"No"
"588",0.811623880119424,1119,"No"
"688",0.690286444077914,1120,"Yes"
"1392",0.0438038315884962,1121,"No"
"338",0.140910914076152,1122,"Yes"
"501",0.608902755730929,1123,"No"
"339",0.375884705850501,1124,"No"
"459",0.850832102617764,1125,"Yes"
"340",0.0511830598714014,1126,"No"
"689",0.198379706926076,1127,"No"
"1393",0.224406563565846,1128,"No"
"1394",0.266020967286057,1129,"No"
"341",0.0719007199328872,1130,"No"
"1395",0.0640282815930993,1131,"No"
"1396",0.199190160465884,1132,"No"
"1397",0.206999302674822,1133,"No"
"342",0.0750891284244359,1134,"No"
"1398",0.00802021367330176,1135,"No"
"1399",0.0152593886219482,1136,"No"
"1400",0.0134401758563227,1137,"No"
"173",0.511999042961159,1138,"No"
"1401",0.513892572698886,1139,"Yes"
"1402",0.0224792506172587,1140,"No"
"1403",0.0382508912799391,1141,"No"
"1404",0.143942260829489,1142,"No"
"343",0.237364193919758,1143,"No"
"344",0.0362021835825059,1144,"No"
"690",0.783980657798753,1145,"Yes"
"691",0.682078111305138,1146,"Yes"
"1405",0.0356371456950067,1147,"No"
"174",0.330486652778853,1148,"No"
"1406",0.0741387721453108,1149,"No"
"345",0.177151719296832,1150,"No"
"1407",0.623150606328549,1151,"No"
"1408",0.212834161720475,1152,"No"
"1409",0.0636684704608478,1153,"No"
"1410",0.0103689124296149,1154,"No"
"1411",0.102446933105655,1155,"Yes"
"1412",0.304670484609459,1156,"No"
"1413",0.326436312966851,1157,"No"
"1414",0.0303991378454305,1158,"No"
"1415",0.0275666079397461,1159,"No"
"1416",0.0728566273809115,1160,"No"
"692",0.672650878424906,1161,"No"
"1417",0.0244826191214904,1162,"No"
"346",0.0362021835825059,1163,"Yes"
"502",0.468154692665167,1164,"Yes"
"1418",0.0125687578342438,1165,"No"
"1419",0.205356626143948,1166,"No"
"109",0.485739285414703,1167,"Yes"
"1420",0.00711619757844576,1168,"No"
"1421",0.224040665006425,1169,"No"
"1422",0.0127638893351209,1170,"No"
"1423",0.011856484883311,1171,"No"
"460",0.850832102617764,1172,"Yes"
"56",0.232760636984785,1173,"No"
"1424",0.391910621172857,1174,"No"
"1425",0.172234719336933,1175,"No"
"1426",0.0305506638986067,1176,"No"
"1427",0.0101143359180949,1177,"Yes"
"1428",0.101630299185844,1178,"No"
"1429",0.0471823221736771,1179,"No"
"693",0.815939882883941,1180,"Yes"
"1430",0.0839277344025304,1181,"No"
"694",0.588323824152407,1182,"Yes"
"1431",0.506799091016071,1183,"No"
"1432",0.00622254002654576,1184,"No"
"347",0.140910914076152,1185,"No"
"695",0.849777504231139,1186,"Yes"
"1433",0.294566763015648,1187,"No"
"1434",0.22732476106948,1188,"No"
"503",0.468154692665167,1189,"Yes"
"1435",0.0104700233030722,1190,"No"
"1436",0.114529341010261,1191,"No"
"1437",0.434676338977737,1192,"Yes"
"1438",0.0177451390315196,1193,"No"
"348",0.308907858659523,1194,"No"
"349",0.29546086479858,1195,"No"
"1439",0.0349802413004645,1196,"No"
"1440",0.0240843344812113,1197,"No"
"1441",0.203196931964809,1198,"No"
"1442",0.0189047719721369,1199,"No"
"1443",0.133805206477914,1200,"No"
"175",0.511999042961159,1201,"Yes"
"1444",0.22467270191166,1202,"No"
"110",0.639261099680956,1203,"Yes"
"1445",0.469019333768221,1204,"No"
"1446",0.0101058872868692,1205,"No"
"350",0.053505716844533,1206,"No"
"1447",0.113366760514233,1207,"No"
"1448",0.0317349928158687,1208,"No"
"176",0.511999042961159,1209,"No"
"1449",0.182648218804224,1210,"No"
"1450",0.0243383609044803,1211,"No"
"1451",0.305565679531667,1212,"No"
"1452",0.0669351210055634,1213,"No"
"177",0.511999042961159,1214,"No"
"696",0.783980657798753,1215,"Yes"
"351",0.177151719296832,1216,"No"
"1453",0.162813290199617,1217,"No"
"1454",0.00775586054669818,1218,"No"
"1455",0.02811863704517,1219,"No"
"1456",0.287150132330042,1220,"Yes"
"1457",0.0359403125589334,1221,"No"
"352",0.237364193919758,1222,"No"
"1458",0.039121648907314,1223,"No"
"697",0.739859338455853,1224,"Yes"
"1459",0.204797375049522,1225,"No"
"1460",0.159370929713495,1226,"Yes"
"353",0.0362021835825059,1227,"No"
"1461",0.0873479231237492,1228,"No"
"354",0.0719007199328872,1229,"No"
"1462",0.0997430172787668,1230,"No"
"57",0.0638214721730752,1231,"Yes"
"1463",0.106683248699142,1232,"No"
"355",0.190650347941208,1233,"No"
"698",0.762066000888182,1234,"No"
"58",0.443621944719508,1235,"No"
"356",0.0444408733766131,1236,"No"
"357",0.0444408733766131,1237,"No"
"589",0.638230159997638,1238,"No"
"59",0.362529768219225,1239,"Yes"
"1464",0.13365676976722,1240,"Yes"
"1465",0.0176755251100561,1241,"No"
"699",0.707385221794108,1242,"No"
"1466",0.035604497512314,1243,"No"
"700",0.476917213769178,1244,"Yes"
"178",0.348310587963725,1245,"Yes"
"1467",0.0518282349170106,1246,"No"
"1468",0.0307534454774124,1247,"Yes"
"358",0.463789052976803,1248,"No"
"701",0.827831766525024,1249,"Yes"
"504",0.539312247557521,1250,"No"
"359",0.225802753052816,1251,"Yes"
"1469",0.102783563539077,1252,"No"
"1470",0.0278955707610339,1253,"No"
"702",0.810234651885269,1254,"No"
"60",0.211499373923585,1255,"No"
"1471",0.0860169150860315,1256,"No"
"1472",0.011478312030658,1257,"No"
"1473",0.0121873092340561,1258,"No"
"1474",0.583559669516958,1259,"No"
"360",0.0949833290213057,1260,"No"
"111",0.377940568575596,1261,"No"
"1475",0.203929031298841,1262,"No"
"112",0.668650018262402,1263,"Yes"
"1476",0.0392833192798317,1264,"No"
"1477",0.114444556531967,1265,"No"
"1478",0.021491265747933,1266,"No"
"1479",0.552419317182056,1267,"No"
"1480",0.203271788111052,1268,"No"
"361",0.114452126789527,1269,"No"
"1481",0.149756866865933,1270,"No"
"1482",0.307564560274865,1271,"No"
"1483",0.0214934451686314,1272,"No"
"61",0.28487044046621,1273,"No"
"362",0.0986029972419308,1274,"No"
"1484",0.0123599229033823,1275,"No"
"1485",0.410072146060251,1276,"No"
"1486",0.393793545240123,1277,"Yes"
"703",0.707385221794108,1278,"No"
"1487",0.321850658832602,1279,"No"
"1488",0.00670725261889053,1280,"No"
"704",0.61676571207896,1281,"No"
"1489",0.0492672199154115,1282,"No"
"1490",0.107757901828919,1283,"Yes"
"1491",0.175083892106102,1284,"Yes"
"1492",0.428790428450247,1285,"No"
"1493",0.234005337911114,1286,"No"
"1494",0.225577320832997,1287,"No"
"363",0.0220521402686104,1288,"No"
"364",0.218555035072445,1289,"No"
"1495",0.0614953530289083,1290,"Yes"
"1496",0.109619415706144,1291,"No"
"1497",0.104159320836582,1292,"No"
"705",0.869367313670714,1293,"Yes"
"1498",0.141505219252423,1294,"No"
"1499",0.0348597272049422,1295,"No"
"461",0.931289790257183,1296,"Yes"
"544",0.471856229169213,1297,"No"
"1500",0.0662194700176652,1298,"No"
"462",0.931289790257183,1299,"No"
"1501",0.00942361712702161,1300,"No"
"365",0.0511830598714014,1301,"Yes"
"1502",0.0428386674904199,1302,"No"
"366",0.29546086479858,1303,"Yes"
"1503",0.0353133999092131,1304,"No"
"1504",0.127712098346033,1305,"No"
"1505",0.0255996331535167,1306,"No"
"1506",0.10482496266991,1307,"No"
"1507",0.0237267328844246,1308,"No"
"1508",0.0412120706341989,1309,"No"
"1509",0.127574725393707,1310,"No"
"1510",0.0397067980590079,1311,"No"
"1511",0.384421369806786,1312,"No"
"1512",0.105327240857128,1313,"No"
"706",0.662953118002965,1314,"Yes"
"1513",0.0310616511927378,1315,"No"
"505",0.468154692665167,1316,"Yes"
"707",0.440413680150591,1317,"No"
"708",0.690286444077914,1318,"Yes"
"1514",0.290788147414216,1319,"No"
"1515",0.078133592175816,1320,"No"
"179",0.348310587963725,1321,"No"
"113",0.586990581220729,1322,"No"
"1516",0.180710748070513,1323,"No"
"590",0.646571654707986,1324,"Yes"
"62",0.232760636984785,1325,"No"
"367",0.0719007199328872,1326,"No"
"1517",0.183096670390366,1327,"No"
"1518",0.406767106182504,1328,"No"
"591",0.694145889852947,1329,"No"
"368",0.463789052976803,1330,"No"
"545",0.504003563304287,1331,"Yes"
"1519",0.199329622755753,1332,"No"
"369",0.22601304091178,1333,"Yes"
"1520",0.281304333220662,1334,"No"
"114",0.540799543053612,1335,"No"
"546",0.80517953207026,1336,"Yes"
"370",0.29546086479858,1337,"No"
"180",0.511999042961159,1338,"No"
"1521",0.17919276851156,1339,"No"
"1522",0.0750532221990922,1340,"No"
"1523",0.0836487462814023,1341,"No"
"371",0.0362021835825059,1342,"No"
"372",0.108522544424376,1343,"No"
"592",0.655454632508544,1344,"No"
"1524",0.0302989713459848,1345,"No"
"1525",0.0512669120400649,1346,"No"
"1526",0.0490634616099154,1347,"No"
"1527",0.0794487311742215,1348,"No"
"373",0.463789052976803,1349,"No"
"1528",0.0484433503242364,1350,"Yes"
"1529",0.191616172184822,1351,"Yes"
"1530",0.154666238315204,1352,"No"
"1531",0.0341801336127883,1353,"No"
"1532",0.268000571593431,1354,"No"
"374",0.108522544424376,1355,"No"
"1533",0.0102680419697042,1356,"No"
"709",0.839106834038271,1357,"Yes"
"1534",0.0172337433575205,1358,"No"
"547",0.669599605499293,1359,"Yes"
"1535",0.384585195759031,1360,"Yes"
"181",0.511999042961159,1361,"Yes"
"593",0.670651999258599,1362,"No"
"182",0.511999042961159,1363,"Yes"
"1536",0.38220371746749,1364,"Yes"
"506",0.608902755730929,1365,"No"
"1537",0.0197157909518685,1366,"No"
"1538",0.172184134072624,1367,"No"
"710",0.208502040931733,1368,"No"
"1539",0.129029544189171,1369,"No"
"375",0.0444408733766131,1370,"No"
"594",0.698921261551438,1371,"Yes"
"595",0.755210419675327,1372,"Yes"
"376",0.0313681410602541,1373,"No"
"183",0.511999042961159,1374,"Yes"
"1540",0.0059741213694527,1375,"No"
"596",0.641912166392973,1376,"No"
"1541",0.0614303629370043,1377,"No"
"597",0.720023199213324,1378,"Yes"
"184",0.511999042961159,1379,"Yes"
"1542",0.539281263481537,1380,"Yes"
"377",0.0719007199328872,1381,"No"
"1543",0.0494810870853771,1382,"No"
"1544",0.00809130703588735,1383,"No"
"1545",0.0877405421582353,1384,"No"
"1546",0.189830746269626,1385,"No"
"1547",0.0771885117734341,1386,"No"
"1548",0.290828560621791,1387,"No"
"711",0.739859338455853,1388,"No"
"712",0.635915564280039,1389,"Yes"
"1549",0.461280221068377,1390,"Yes"
"1550",0.0806870011775091,1391,"No"
"63",0.35835673036359,1392,"Yes"
"378",0.0719007199328872,1393,"No"
"1551",0.0178571173753475,1394,"No"
"463",0.209832587959468,1395,"Yes"
"464",0.850832102617764,1396,"Yes"
"1552",0.185448060657211,1397,"Yes"
"115",0.297200461375492,1398,"No"
"64",0.330565943095066,1399,"No"
"507",0.674329000686315,1400,"Yes"
"1553",0.427664191839085,1401,"No"
"1554",0.0565584696039931,1402,"No"
"1555",0.240067759311273,1403,"No"
"116",0.297200461375492,1404,"Yes"
"117",0.880077367970104,1405,"No"
"1556",0.304643256034032,1406,"Yes"
"548",0.504003563304287,1407,"No"
"379",0.12628211064067,1408,"No"
"1557",0.0830401277753092,1409,"No"
"1558",0.0737513282131248,1410,"No"
"713",0.517523415058238,1411,"No"
"65",0.28487044046621,1412,"No"
"714",0.77915211661334,1413,"Yes"
"1559",0.0782676639968064,1414,"No"
"1560",0.406602394949899,1415,"Yes"
"1561",0.0057981473752206,1416,"No"
"1562",0.0176421809319483,1417,"No"
"1563",0.159514806647647,1418,"No"
"1564",0.0131013497937509,1419,"No"
"1565",0.372542811836078,1420,"No"
"380",0.0511830598714014,1421,"No"
"1566",0.050224473899929,1422,"No"
"508",0.468154692665167,1423,"No"
"1567",0.107107044221142,1424,"No"
"1568",0.0660439707602997,1425,"No"
"1569",0.191446014798818,1426,"Yes"
"1570",0.00882944531991405,1427,"No"
"509",0.468154692665167,1428,"No"
"1571",0.0205925743250949,1429,"No"
"1572",0.461103735642104,1430,"No"
"465",0.850832102617764,1431,"Yes"
"715",0.803421659543722,1432,"Yes"
"118",0.431023012731956,1433,"No"
"119",0.540799543053612,1434,"Yes"
"1573",0.01698447500735,1435,"No"
"1574",0.024962967383547,1436,"No"
"1575",0.340495775735278,1437,"No"
"1576",0.0309223711302387,1438,"No"
"716",0.267187332771099,1439,"Yes"
"510",0.608902755730929,1440,"No"
"185",0.511999042961159,1441,"No"
"466",0.850832102617764,1442,"Yes"
"717",0.790270891554195,1443,"Yes"
"1577",0.0258204630535231,1444,"No"
"120",0.388869163349102,1445,"Yes"
"381",0.252780949602798,1446,"No"
"1578",0.224131525153497,1447,"No"
"1579",0.252933450311895,1448,"Yes"
"1580",0.25426975916365,1449,"No"
"66",0.28487044046621,1450,"Yes"
"382",0.0750891284244359,1451,"No"
"1581",0.136789811317838,1452,"No"
"1582",0.00966668512523221,1453,"No"
"1583",0.00674976556052996,1454,"No"
"1584",0.00681346695954846,1455,"No"
"718",0.869367313670714,1456,"Yes"
"383",0.286559667129593,1457,"No"
"1585",0.087607869648884,1458,"No"
"1586",0.0311137041792984,1459,"Yes"
"121",0.733684791443099,1460,"No"
"1587",0.2573735352362,1461,"No"
"67",0.260465177185078,1462,"No"
"1588",0.402778331223962,1463,"Yes"
"1589",0.305610754178526,1464,"No"
"549",0.171923973163908,1465,"No"
"1590",0.0428211581165056,1466,"No"
"384",0.157430833467627,1467,"Yes"
"1591",0.141900838748924,1468,"No"
"385",0.131119711540088,1469,"Yes"
"598",0.652949918463804,1470,"Yes"
"1592",0.0124668457600025,1471,"No"
"386",0.286559667129593,1472,"No"
"1593",0.0373077299509408,1473,"No"
"68",0.28487044046621,1474,"No"
"719",0.869367313670714,1475,"Yes"
"1594",0.0104775789734782,1476,"No"
"720",0.755191889778091,1477,"No"
"1595",0.270823447353996,1478,"No"
"1596",0.105976375142144,1479,"No"
"1597",0.443226781341205,1480,"Yes"
"1598",0.0973571414849565,1481,"No"
"387",0.0362021835825059,1482,"No"
"550",0.141893690958838,1483,"No"
"388",0.375884705850501,1484,"No"
"1599",0.145279199552728,1485,"No"
"1600",0.0711493815996737,1486,"Yes"
"1601",0.323662591901077,1487,"Yes"
"1602",0.0366743138086411,1488,"No"
"1603",0.0699262794897426,1489,"No"
"1604",0.0602296911718888,1490,"No"
"1605",0.305708523673814,1491,"Yes"
"1606",0.0197058997819207,1492,"No"
"1607",0.0985469516750268,1493,"No"
"1608",0.125769750606938,1494,"No"
"1609",0.241229961120022,1495,"No"
"1610",0.00879505883972487,1496,"No"
"186",0.511999042961159,1497,"Yes"
"1611",0.00942600323389519,1498,"No"
"1612",0.169496315484297,1499,"No"
"187",0.330486652778853,1500,"Yes"
"188",0.330486652778853,1501,"No"
"1613",0.0147232958406214,1502,"No"
"189",0.511999042961159,1503,"Yes"
"1614",0.0419746682832055,1504,"No"
"389",0.12389250420445,1505,"No"
"1615",0.0856792601196617,1506,"No"
"1616",0.0266707304418759,1507,"No"
"390",0.0362021835825059,1508,"No"
"69",0.0347731128355545,1509,"No"
"1617",0.183145632200412,1510,"Yes"
"190",0.330486652778853,1511,"Yes"
"70",0.28487044046621,1512,"No"
"391",0.218555035072445,1513,"No"
"392",0.0403710627352011,1514,"No"
"393",0.171890986186787,1515,"No"
"394",0.0511830598714014,1516,"No"
"1618",0.0150598726742159,1517,"No"
"721",0.747019758326777,1518,"Yes"
"1619",0.017001169868239,1519,"No"
"191",0.200934533495623,1520,"Yes"
"1620",0.126079127320543,1521,"No"
"71",0.141477417282485,1522,"No"
"72",0.187681339530269,1523,"No"
"1621",0.12363835609313,1524,"Yes"
"1622",0.0235081965754545,1525,"No"
"1623",0.416389819267643,1526,"No"
"73",0.0306304238803761,1527,"No"
"551",0.504003563304287,1528,"No"
"1624",0.124591841931663,1529,"No"
"74",0.168502089170835,1530,"No"
"552",0.80517953207026,1531,"Yes"
"1625",0.261456098378183,1532,"No"
"395",0.0719007199328872,1533,"No"
"1626",0.0180978130716341,1534,"No"
"1627",0.501367276919192,1535,"Yes"
"511",0.468154692665167,1536,"No"
"1628",0.277884556178327,1537,"Yes"
"396",0.211565496482007,1538,"No"
"1629",0.0113659523275153,1539,"No"
"1630",0.14358627357959,1540,"No"
"1631",0.012734029459251,1541,"No"
"1632",0.0116723661582599,1542,"No"
"722",0.849777504231139,1543,"Yes"
"1633",0.0150289790825862,1544,"No"
"1634",0.217484601101312,1545,"No"
"1635",0.0268494814691793,1546,"No"
"1636",0.0727759096978068,1547,"No"
"1637",0.162183634278137,1548,"No"
"1638",0.140871496179624,1549,"No"
"1639",0.237653754689489,1550,"No"
"192",0.511999042961159,1551,"No"
"1640",0.333587062058787,1552,"Yes"
"1641",0.153829653762894,1553,"No"
"723",0.810234651885269,1554,"No"
"1642",0.218664660347801,1555,"Yes"
"1643",0.307939290867224,1556,"No"
"1644",0.0119349441626395,1557,"No"
"1645",0.0110676110386768,1558,"No"
"1646",0.13264669647645,1559,"No"
"1647",0.542256608591506,1560,"Yes"
"1648",0.0925094322236918,1561,"No"
"1649",0.0346505485179317,1562,"No"
"1650",0.00980476017428982,1563,"No"
"1651",0.0892426405707557,1564,"No"
"1652",0.0193458504180192,1565,"No"
"1653",0.268765480519585,1566,"Yes"
"1654",0.17900669369995,1567,"No"
"397",0.463789052976803,1568,"No"
"193",0.348310587963725,1569,"Yes"
"553",0.669599605499293,1570,"No"
"75",0.316221043522875,1571,"No"
"1655",0.221915232455811,1572,"Yes"
"1656",0.246606678437693,1573,"No"
"1657",0.0931196360521383,1574,"No"
"1658",0.0159130026902307,1575,"No"
"398",0.17811957981401,1576,"No"
"724",0.827831766525024,1577,"Yes"
"1659",0.00914585246643682,1578,"No"
"76",0.28487044046621,1579,"No"
"399",0.0444408733766131,1580,"No"
"77",0.28487044046621,1581,"Yes"
"1660",0.00744305186445853,1582,"No"
"1661",0.121275049460603,1583,"No"
"1662",0.369825306238567,1584,"No"
"1663",0.238820442158469,1585,"Yes"
"1664",0.153743743580112,1586,"Yes"
"1665",0.0333450552237129,1587,"No"
"1666",0.267319538923111,1588,"Yes"
"1667",0.164789197843212,1589,"No"
"1668",0.26167677622874,1590,"Yes"
"1669",0.0105002472223643,1591,"No"
"400",0.0719007199328872,1592,"No"
"122",0.540799543053612,1593,"Yes"
"1670",0.0271866040457752,1594,"No"
"1671",0.192805349820994,1595,"No"
"1672",0.232918918779873,1596,"No"
"1673",0.11283416124202,1597,"No"
"1674",0.281516910848833,1598,"No"
"1675",0.00992549198953591,1599,"No"
"401",0.2655463969785,1600,"No"
"467",0.931289790257183,1601,"Yes"
"402",0.135768517829528,1602,"No"
"403",0.237364193919758,1603,"No"
"468",0.850832102617764,1604,"Yes"
"1676",0.0386654661873915,1605,"No"
"1677",0.17509375945141,1606,"No"
"1678",0.0606990223473688,1607,"No"
"123",0.893632865716306,1608,"Yes"
"1679",0.024018597939448,1609,"No"
"124",0.540799543053612,1610,"Yes"
"1680",0.221115887864299,1611,"No"
"554",0.504003563304287,1612,"Yes"
"404",0.0719007199328872,1613,"No"
"1681",0.0602268562719302,1614,"No"
"725",0.810234651885269,1615,"Yes"
"405",0.0313681410602541,1616,"No"
"1682",0.601349002822951,1617,"No"
"726",0.59752443333786,1618,"Yes"
"1683",0.0122050069471586,1619,"No"
"1684",0.460527000043377,1620,"Yes"
"406",0.184081713514315,1621,"Yes"
"1685",0.13455531428686,1622,"No"
"469",0.850832102617764,1623,"Yes"
"1686",0.196508067415656,1624,"No"
"727",0.731357450371557,1625,"Yes"
"728",0.460526384763326,1626,"Yes"
"1687",0.0653608256775408,1627,"No"
"194",0.330486652778853,1628,"No"
"1688",0.0769226047460947,1629,"No"
"1689",0.0665901467386391,1630,"No"
"1690",0.0241905233886717,1631,"No"
"1691",0.118316636670666,1632,"No"
"407",0.0825643293145694,1633,"No"
"1692",0.0161990625751242,1634,"No"
"1693",0.279054794538008,1635,"No"
"1694",0.0323750652190563,1636,"No"
"555",0.258667922179287,1637,"Yes"
"1695",0.105663441385089,1638,"Yes"
"408",0.177151719296832,1639,"No"
"1696",0.0256386116807232,1640,"No"
"1697",0.333531639591411,1641,"Yes"
"409",0.0752782852130949,1642,"Yes"
"470",0.850832102617764,1643,"Yes"
"78",0.187681339530269,1644,"No"
"410",0.0511830598714014,1645,"No"
"471",0.850832102617764,1646,"Yes"
"729",0.654513713745628,1647,"Yes"
"556",0.504003563304287,1648,"No"
"1698",0.0596797917399911,1649,"Yes"
"1699",0.152193913923546,1650,"No"
"1700",0.0917299979713693,1651,"No"
"411",0.326979074450772,1652,"Yes"
"1701",0.290560762092397,1653,"No"
"412",0.0719007199328872,1654,"No"
"730",0.739859338455853,1655,"Yes"
"1702",0.0130519157553514,1656,"No"
"1703",0.0149652820160404,1657,"No"
"1704",0.0158800977144246,1658,"No"
"1705",0.0193321497257308,1659,"No"
"1706",0.0477466561303907,1660,"No"
"1707",0.419524266043043,1661,"No"
"1708",0.192179694189689,1662,"No"
"512",0.468154692665167,1663,"Yes"
"413",0.0719007199328872,1664,"No"
"1709",0.245464120855678,1665,"No"
"1710",0.154664826670421,1666,"Yes"
"731",0.664202520082532,1667,"Yes"
"1711",0.0515580729343874,1668,"No"
"1712",0.101526516807731,1669,"No"
"1713",0.0100664331156593,1670,"No"
"557",0.80517953207026,1671,"No"
"125",0.85477361394211,1672,"Yes"
"1714",0.0139873124005126,1673,"No"
"1715",0.260374598857457,1674,"No"
"1716",0.37965834418986,1675,"No"
"732",0.672650878424906,1676,"No"
"1717",0.0581163305895043,1677,"No"
"513",0.468154692665167,1678,"Yes"
"414",0.308907858659523,1679,"No"
"1718",0.0426873846548923,1680,"No"
"1719",0.407642797673851,1681,"No"
"79",0.28487044046621,1682,"No"
"126",0.618093858513898,1683,"No"
"415",0.177151719296832,1684,"No"
"195",0.348310587963725,1685,"Yes"
"1720",0.225008145925764,1686,"No"
"1721",0.0337055966038775,1687,"No"
"127",0.377940568575596,1688,"Yes"
"472",0.850832102617764,1689,"Yes"
"416",0.0444408733766131,1690,"No"
"1722",0.025445420943759,1691,"No"
"1723",0.129190328500511,1692,"No"
"417",0.0511830598714014,1693,"No"
"418",0.0781410249947866,1694,"Yes"
"1724",0.311494779175463,1695,"No"
"1725",0.0190471012260555,1696,"Yes"
"1726",0.161332782242767,1697,"No"
"196",0.330486652778853,1698,"Yes"
"1727",0.375904548692567,1699,"No"
"1728",0.171603924325616,1700,"No"
"733",0.497215723379255,1701,"No"
"1729",0.0698182248982269,1702,"No"
"1730",0.23054473197471,1703,"No"
"1731",0.00766494442788861,1704,"No"
"197",0.330486652778853,1705,"No"
"1732",0.0358965210748958,1706,"No"
"1733",0.0120369264129228,1707,"No"
"419",0.218555035072445,1708,"No"
"80",0.443621944719508,1709,"No"
"198",0.200934533495623,1710,"No"
"420",0.0825643293145694,1711,"No"
"1734",0.31614564836419,1712,"No"
"473",0.850832102617764,1713,"Yes"
"1735",0.0383145669192476,1714,"No"
"421",0.148809704359205,1715,"No"
"1736",0.124768331989959,1716,"No"
"1737",0.00639440356356128,1717,"No"
"734",0.521375731999837,1718,"Yes"
"599",0.698121019100799,1719,"No"
"600",0.250887547842479,1720,"No"
"199",0.511999042961159,1721,"Yes"
"1738",0.355601353960072,1722,"No"
"735",0.707385221794108,1723,"No"
"1739",0.516041931793018,1724,"Yes"
"1740",0.210229029743358,1725,"No"
"1741",0.0132962075383388,1726,"No"
"1742",0.0194660867326622,1727,"No"
"474",0.850832102617764,1728,"Yes"
"422",0.0444408733766131,1729,"No"
"1743",0.0396893562116684,1730,"No"
"1744",0.103827866258648,1731,"No"
"1745",0.0138076625348074,1732,"No"
"1746",0.100908130813907,1733,"No"
"1747",0.0174292603025132,1734,"No"
"423",0.130366728007999,1735,"No"
"1748",0.115120755191568,1736,"No"
"1749",0.671620262730109,1737,"Yes"
"81",0.28487044046621,1738,"Yes"
"1750",0.0375443924466527,1739,"No"
"200",0.511999042961159,1740,"No"
"424",0.218555035072445,1741,"Yes"
"1751",0.187812268475532,1742,"No"
"1752",0.0699406264083244,1743,"No"
"425",0.068102633270186,1744,"No"
"1753",0.407932280994588,1745,"No"
"736",0.690162928744965,1746,"Yes"
"1754",0.157333590877635,1747,"No"
"1755",0.474556842400644,1748,"Yes"
"1756",0.0198272734435377,1749,"No"
"1757",0.0281264281255978,1750,"No"
"514",0.468154692665167,1751,"No"
"1758",0.0696060670523929,1752,"No"
"737",0.797424741730454,1753,"Yes"
"475",0.850832102617764,1754,"Yes"
"1759",0.325983866679438,1755,"No"
"128",0.297200461375492,1756,"No"
"1760",0.365991875878436,1757,"No"
"738",0.662953118002965,1758,"No"
"1761",0.0312558102906094,1759,"No"
"601",0.30372397675777,1760,"No"
"426",0.326979074450772,1761,"No"
