"","X","probability","RowNumber","Churn","ChurnBool","predictedChurn"
"1",1,0.241827590934551,1,"Yes",1,0
"2",739,0.0463368755016623,2,"No",0,0
"3",427,0.445270657485873,3,"No",0,0
"4",2,0.244031107456492,4,"No",0,0
"5",740,0.0219672650899698,5,"No",0,0
"6",3,0.182255108907505,6,"No",0,0
"7",4,0.0368137941649335,7,"No",0,0
"8",741,0.319046186252721,8,"Yes",1,0
"9",742,0.318374973514195,9,"No",0,0
"10",5,0.112582836641838,10,"Yes",1,0
"11",6,0.0226721726126732,11,"No",0,0
"12",743,0.0364342818853778,12,"No",0,0
"13",7,0.431734936459104,13,"Yes",1,0
"14",744,0.0236579034491654,14,"No",0,0
"15",745,0.0344958745520151,15,"No",0,0
"16",428,0.623717864629052,16,"Yes",1,1
"17",746,0.517891514158896,17,"Yes",1,1
"18",429,0.84597196265125,18,"Yes",1,1
"19",8,0.0207075453921227,19,"No",0,0
"20",747,0.337943056209803,20,"No",0,0
"21",9,0.274946320952689,21,"No",0,0
"22",430,0.790458264830883,22,"Yes",1,1
"23",748,0.00871020015376072,23,"No",0,0
"24",749,0.121123855323291,24,"No",0,0
"25",750,0.264741633655298,25,"No",0,0
"26",751,0.0366833164331417,26,"No",0,0
"27",431,0.480480266285343,27,"No",0,0
"28",752,0.11016526179842,28,"No",0,0
"29",753,0.0109869211207718,29,"No",0,0
"30",10,0.107340072395675,30,"No",0,0
"31",754,0.0166894305515259,31,"No",0,0
"32",755,0.241831356986788,32,"No",0,0
"33",756,0.0202749970378021,33,"No",0,0
"34",432,0.774259761758888,34,"No",0,1
"35",757,0.194650206900062,35,"No",0,0
"36",758,0.02406443013111,36,"No",0,0
"37",759,0.0131773549334193,37,"No",0,0
"38",760,0.0146695191679633,38,"No",0,0
"39",761,0.119941915828586,39,"No",0,0
"40",11,0.487398058479289,40,"No",0,0
"41",762,0.290987741716172,41,"Yes",1,0
"42",763,0.117194158825813,42,"No",0,0
"43",764,0.0084189243673586,43,"No",0,0
"44",765,0.0749739586888103,44,"No",0,0
"45",12,0.630144849978207,45,"Yes",1,1
"46",433,0.56510042694343,46,"No",0,1
"47",13,0.00954487045004631,47,"No",0,0
"48",14,0.098554933415702,48,"No",0,0
"49",766,0.0265672502285399,49,"No",0,0
"50",767,0.250117882440369,50,"Yes",1,0
"51",768,0.0267957141364271,51,"No",0,0
"52",769,0.0370363691347357,52,"No",0,0
"53",434,0.605111792440066,53,"Yes",1,1
"54",770,0.0551593899427484,54,"No",0,0
"55",15,0.471796904447989,55,"No",0,0
"56",16,0.0457808567835997,56,"No",0,0
"57",771,0.0800175240274628,57,"No",0,0
"58",772,0.035071000888176,58,"No",0,0
"59",435,0.377352275578995,59,"No",0,0
"60",773,0.168548973831726,60,"No",0,0
"61",436,0.690014960432126,61,"Yes",1,1
"62",774,0.117966267738765,62,"No",0,0
"63",17,0.664943958569457,63,"No",0,1
"64",775,0.0512639539895604,64,"No",0,0
"65",776,0.0346657121902869,65,"No",0,0
"66",437,0.690222024672081,66,"Yes",1,1
"67",777,0.0089180215325104,67,"No",0,0
"68",18,0.0502530590453908,68,"No",0,0
"69",778,0.35894705408577,69,"No",0,0
"70",19,0.378838032500363,70,"Yes",1,0
"71",438,0.729909854040057,71,"Yes",1,1
"72",779,0.043490109070258,72,"No",0,0
"73",20,0.493473821687359,73,"No",0,0
"74",780,0.0840077735497899,74,"No",0,0
"75",439,0.368331720443276,75,"Yes",1,0
"76",781,0.267917879796621,76,"No",0,0
"77",782,0.0623576476003589,77,"No",0,0
"78",783,0.167707067276588,78,"No",0,0
"79",440,0.411763268786909,79,"No",0,0
"80",441,0.588865575552796,80,"Yes",1,1
"81",21,0.269697305889897,81,"No",0,0
"82",442,0.468343429196186,82,"Yes",1,0
"83",443,0.181837657847582,83,"No",0,0
"84",784,0.0745948576044753,84,"No",0,0
"85",785,0.0494060299211826,85,"No",0,0
"86",444,0.332954525664578,86,"No",0,0
"87",786,0.14269451529757,87,"No",0,0
"88",787,0.277986421635171,88,"No",0,0
"89",22,0.0716256689260789,89,"No",0,0
"90",788,0.0749714605594844,90,"No",0,0
"91",789,0.404900149927699,91,"No",0,0
"92",23,0.102699118767188,92,"No",0,0
"93",790,0.487564665944644,93,"No",0,0
"94",445,0.671537118819035,94,"Yes",1,1
"95",791,0.25994624950674,95,"No",0,0
"96",792,0.0221141671773326,96,"No",0,0
"97",24,0.605543096813844,97,"No",0,1
"98",446,0.1225880441017,98,"No",0,0
"99",793,0.111422895648633,99,"No",0,0
"100",794,0.281588120588375,100,"No",0,0
"101",795,0.537259226908712,101,"No",0,1
"102",796,0.578896097868681,102,"No",0,1
"103",797,0.300371837540697,103,"No",0,0
"104",798,0.311167370991858,104,"No",0,0
"105",25,0.0637172006068175,105,"No",0,0
"106",799,0.00854284531660075,106,"No",0,0
"107",447,0.69495107769984,107,"Yes",1,1
"108",800,0.0246092786759814,108,"No",0,0
"109",448,0.32009159027734,109,"No",0,0
"110",801,0.0178167588947209,110,"No",0,0
"111",26,0.145035669233495,111,"No",0,0
"112",449,0.472382369013489,112,"No",0,0
"113",802,0.0144299877679801,113,"No",0,0
"114",27,0.319879608087377,114,"Yes",1,0
"115",803,0.0238873537492768,115,"No",0,0
"116",804,0.26761383068914,116,"No",0,0
"117",805,0.320207540526191,117,"Yes",1,0
"118",806,0.0639692939906432,118,"No",0,0
"119",28,0.340591297553293,119,"No",0,0
"120",807,0.397971702255887,120,"Yes",1,0
"121",808,0.0139496319331088,121,"No",0,0
"122",29,0.163596562059142,122,"No",0,0
"123",450,0.809288917482217,123,"Yes",1,1
"124",809,0.179673809603086,124,"No",0,0
"125",451,0.727877623678964,125,"Yes",1,1
"126",810,0.0421203125584102,126,"No",0,0
"127",452,0.679914764377833,127,"Yes",1,1
"128",811,0.0820411983118268,128,"No",0,0
"129",30,0.267698000705797,129,"No",0,0
"130",812,0.059523257192569,130,"No",0,0
"131",31,0.552110907495961,131,"Yes",1,1
"132",813,0.18506755103125,132,"No",0,0
"133",453,0.702362215711428,133,"Yes",1,1
"134",814,0.221208378305121,134,"No",0,0
"135",815,0.144679939247917,135,"No",0,0
"136",816,0.212168013915438,136,"Yes",1,0
"137",817,0.345633630798198,137,"Yes",1,0
"138",818,0.348172426503203,138,"Yes",1,0
"139",819,0.0203122848437253,139,"No",0,0
"140",820,0.210842346251567,140,"No",0,0
"141",454,0.755004320550576,141,"No",0,1
"142",455,0.709903758289688,142,"No",0,1
"143",821,0.0549771513137464,143,"No",0,0
"144",822,0.0370545672492536,144,"No",0,0
"145",32,0.166546503803291,145,"Yes",1,0
"146",823,0.195230831137153,146,"No",0,0
"147",33,0.0676423224730485,147,"No",0,0
"148",824,0.032449556015132,148,"No",0,0
"149",825,0.030408393779602,149,"No",0,0
"150",34,0.228310139815242,150,"No",0,0
"151",826,0.00961690367559108,151,"No",0,0
"152",827,0.00895291706065848,152,"No",0,0
"153",828,0.0527824514548589,153,"No",0,0
"154",35,0.349579553747867,154,"No",0,0
"155",456,0.589917244858907,155,"Yes",1,1
"156",36,0.324728554799905,156,"No",0,0
"157",829,0.0744137458961045,157,"No",0,0
"158",830,0.0190109481832422,158,"No",0,0
"159",831,0.0274595766518545,159,"No",0,0
"160",37,0.442728399147804,160,"No",0,0
"161",38,0.197685688477547,161,"Yes",1,0
"162",39,0.286556929673604,162,"No",0,0
"163",832,0.141904074723351,163,"No",0,0
"164",833,0.211329322844739,164,"No",0,0
"165",834,0.183115460717338,165,"No",0,0
"166",835,0.149469997341318,166,"No",0,0
"167",40,0.121835298633189,167,"No",0,0
"168",836,0.051456908689892,168,"No",0,0
"169",41,0.068744267268621,169,"No",0,0
"170",837,0.0656744072336061,170,"No",0,0
"171",42,0.646756896008762,171,"Yes",1,1
"172",43,0.295036063018534,172,"No",0,0
"173",838,0.0582832225237156,173,"No",0,0
"174",457,0.822632291694704,174,"Yes",1,1
"175",458,0.766787043411681,175,"No",0,1
"176",459,0.639081036291277,176,"No",0,1
"177",839,0.0211960140108892,177,"No",0,0
"178",44,0.0379748573450174,178,"No",0,0
"179",45,0.545503924022865,179,"Yes",1,1
"180",840,0.410254078490821,180,"No",0,0
"181",46,0.3471774123014,181,"No",0,0
"182",841,0.244217384922281,182,"No",0,0
"183",842,0.057175038187687,183,"No",0,0
"184",843,0.00694604829576906,184,"No",0,0
"185",844,0.642561261465237,185,"Yes",1,1
"186",47,0.259955968837438,186,"No",0,0
"187",460,0.745379866409869,187,"No",0,1
"188",845,0.182101868993738,188,"Yes",1,0
"189",846,0.0531901956218573,189,"No",0,0
"190",847,0.164513487242318,190,"No",0,0
"191",848,0.266970800710462,191,"No",0,0
"192",849,0.153924388064202,192,"No",0,0
"193",850,0.12254113676201,193,"No",0,0
"194",461,0.438379772433327,194,"Yes",1,0
"195",48,0.510869183614809,195,"No",0,1
"196",851,0.218104182199758,196,"No",0,0
"197",49,0.0484252313880393,197,"No",0,0
"198",852,0.461818831667487,198,"Yes",1,0
"199",853,0.125082496305329,199,"No",0,0
"200",50,0.486932155039172,200,"Yes",1,0
"201",854,0.163422992837692,201,"No",0,0
"202",462,0.806543061009344,202,"Yes",1,1
"203",855,0.0423185259237146,203,"No",0,0
"204",856,0.259096459568666,204,"Yes",1,0
"205",857,0.0294524986972824,205,"No",0,0
"206",858,0.0943093121638761,206,"No",0,0
"207",51,0.24630530764714,207,"No",0,0
"208",859,0.133928468520298,208,"No",0,0
"209",860,0.397956465160564,209,"No",0,0
"210",463,0.51998028093513,210,"Yes",1,1
"211",861,0.0157688678813928,211,"No",0,0
"212",862,0.00832178746032159,212,"No",0,0
"213",52,0.0322228786479649,213,"No",0,0
"214",53,0.253597318594693,214,"No",0,0
"215",863,0.0250267982469034,215,"No",0,0
"216",464,0.600274416608348,216,"Yes",1,1
"217",54,0.276655707605324,217,"No",0,0
"218",864,0.228647544968919,218,"Yes",1,0
"219",55,0.57079397270261,219,"No",0,1
"220",865,0.27105629873074,220,"No",0,0
"221",866,0.249621936302384,221,"Yes",1,0
"222",867,0.0961517846567583,222,"No",0,0
"223",56,0.240558319136314,223,"No",0,0
"224",465,0.804880143682583,224,"Yes",1,1
"225",868,0.0123569299896892,225,"No",0,0
"226",869,0.00654631863329183,226,"No",0,0
"227",57,0.137424083025156,227,"No",0,0
"228",58,0.0687869840599756,228,"No",0,0
"229",870,0.0254629681395951,229,"No",0,0
"230",871,0.390007772185134,230,"No",0,0
"231",872,0.0412466529793386,231,"No",0,0
"232",873,0.215516755074798,232,"No",0,0
"233",59,0.242039717510546,233,"No",0,0
"234",60,0.579015049753174,234,"Yes",1,1
"235",61,0.0401828708874472,235,"No",0,0
"236",62,0.568552399184039,236,"Yes",1,1
"237",466,0.526472140149589,237,"Yes",1,1
"238",63,0.224418235555582,238,"No",0,0
"239",467,0.801179758760747,239,"Yes",1,1
"240",874,0.0325786609817819,240,"No",0,0
"241",875,0.0442949429863783,241,"No",0,0
"242",468,0.694314171583503,242,"Yes",1,1
"243",876,0.0345500039963524,243,"No",0,0
"244",877,0.0795063779476659,244,"No",0,0
"245",878,0.0114104410997546,245,"No",0,0
"246",64,0.0569304447574867,246,"No",0,0
"247",879,0.179273167392227,247,"Yes",1,0
"248",469,0.64485586946497,248,"Yes",1,1
"249",65,0.375908717738379,249,"No",0,0
"250",880,0.0459976984073494,250,"No",0,0
"251",881,0.0141454020097736,251,"No",0,0
"252",882,0.0505904869703643,252,"No",0,0
"253",883,0.051227096472313,253,"No",0,0
"254",884,0.361544574878385,254,"No",0,0
"255",885,0.0121558208017076,255,"No",0,0
"256",66,0.515360340016555,256,"No",0,1
"257",886,0.273126551303471,257,"No",0,0
"258",887,0.281169006990717,258,"Yes",1,0
"259",67,0.0509858269668915,259,"No",0,0
"260",68,0.623326970353053,260,"Yes",1,1
"261",69,0.239051129777527,261,"No",0,0
"262",888,0.24917160565822,262,"No",0,0
"263",889,0.019162805697996,263,"No",0,0
"264",890,0.129255078533397,264,"No",0,0
"265",891,0.0108052578796518,265,"No",0,0
"266",470,0.581940804505779,266,"No",0,1
"267",892,0.109078363237484,267,"No",0,0
"268",70,0.126710791075475,268,"No",0,0
"269",71,0.309403555952988,269,"No",0,0
"270",72,0.318471799799587,270,"Yes",1,0
"271",893,0.233568514933981,271,"No",0,0
"272",471,0.695780299290481,272,"Yes",1,1
"273",894,0.0354681662466863,273,"No",0,0
"274",895,0.480917107391646,274,"No",0,0
"275",896,0.0650309692202159,275,"No",0,0
"276",73,0.21589228934623,276,"No",0,0
"277",897,0.377368786688689,277,"No",0,0
"278",898,0.254745028649473,278,"No",0,0
"279",899,0.00670922266204597,279,"No",0,0
"280",74,0.0868143533197658,280,"No",0,0
"281",472,0.617223413893022,281,"No",0,1
"282",75,0.770688851420177,282,"Yes",1,1
"283",76,0.615673658521272,283,"No",0,1
"284",473,0.65285111729613,284,"Yes",1,1
"285",77,0.320277884701833,285,"No",0,0
"286",900,0.0187359782425503,286,"No",0,0
"287",474,0.778824814605944,287,"Yes",1,1
"288",901,0.350654373503861,288,"Yes",1,0
"289",78,0.439148151536456,289,"Yes",1,0
"290",475,0.578038934103494,290,"No",0,1
"291",476,0.819567499683737,291,"Yes",1,1
"292",902,0.416492498869103,292,"No",0,0
"293",903,0.0269347461540656,293,"No",0,0
"294",904,0.207733766429793,294,"No",0,0
"295",79,0.415726055660056,295,"No",0,0
"296",905,0.0452211588379648,296,"No",0,0
"297",477,0.405590606946012,297,"No",0,0
"298",478,0.786653674141167,298,"Yes",1,1
"299",906,0.170067117063237,299,"No",0,0
"300",907,0.0633933543184082,300,"No",0,0
"301",80,0.175721638659518,301,"No",0,0
"302",908,0.199314962768853,302,"No",0,0
"303",479,0.739046166880978,303,"Yes",1,1
"304",480,0.74203924304989,304,"Yes",1,1
"305",81,0.218594946480676,305,"No",0,0
"306",909,0.133166493778099,306,"No",0,0
"307",910,0.334306175033587,307,"No",0,0
"308",82,0.3205437457071,308,"No",0,0
"309",481,0.732199984858934,309,"Yes",1,1
"310",911,0.0156662961002689,310,"No",0,0
"311",912,0.0193920991029043,311,"No",0,0
"312",913,0.248559103224114,312,"Yes",1,0
"313",914,0.0729531268289111,313,"No",0,0
"314",915,0.00720508773402562,314,"No",0,0
"315",83,0.143316707911699,315,"No",0,0
"316",916,0.11993618503722,316,"No",0,0
"317",917,0.125022284695188,317,"No",0,0
"318",918,0.0295130680371636,318,"No",0,0
"319",84,0.577067033204247,319,"No",0,1
"320",919,0.00974829953449119,320,"No",0,0
"321",85,0.105758793221417,321,"No",0,0
"322",920,0.332671495627834,322,"No",0,0
"323",482,0.39485574164471,323,"Yes",1,0
"324",921,0.0125009815751143,324,"No",0,0
"325",922,0.0423556541373422,325,"No",0,0
"326",483,0.631667793586565,326,"Yes",1,1
"327",484,0.630613712613696,327,"Yes",1,1
"328",923,0.568606840952824,328,"Yes",1,1
"329",924,0.180468617975437,329,"No",0,0
"330",86,0.717896022461858,330,"No",0,1
"331",87,0.555120798208013,331,"Yes",1,1
"332",925,0.0275262731876491,332,"No",0,0
"333",88,0.134172383705313,333,"No",0,0
"334",89,0.0676709297662283,334,"No",0,0
"335",485,0.70621318609299,335,"No",0,1
"336",486,0.716676119214618,336,"Yes",1,1
"337",926,0.539713687935509,337,"No",0,1
"338",90,0.26747865210063,338,"No",0,0
"339",927,0.0457770368857876,339,"No",0,0
"340",928,0.0200927827433613,340,"No",0,0
"341",91,0.356235491152991,341,"Yes",1,0
"342",929,0.012922512359705,342,"No",0,0
"343",487,0.567855252980365,343,"No",0,1
"344",930,0.0164570439756455,344,"No",0,0
"345",931,0.0346310505850493,345,"No",0,0
"346",932,0.00625718419359968,346,"No",0,0
"347",933,0.493299888606679,347,"Yes",1,0
"348",934,0.393940718277358,348,"No",0,0
"349",935,0.0163434213468507,349,"No",0,0
"350",488,0.80196302566436,350,"No",0,1
"351",489,0.602510251957408,351,"Yes",1,1
"352",936,0.0306540060884081,352,"No",0,0
"353",92,0.212039795406275,353,"No",0,0
"354",937,0.0245696686657155,354,"No",0,0
"355",93,0.105123232272235,355,"No",0,0
"356",938,0.127464967759106,356,"No",0,0
"357",939,0.0787450787276211,357,"No",0,0
"358",490,0.685149960637513,358,"Yes",1,1
"359",940,0.154842230171055,359,"No",0,0
"360",941,0.0470957992356862,360,"No",0,0
"361",94,0.165169264089671,361,"No",0,0
"362",942,0.191487272508462,362,"No",0,0
"363",943,0.0320856956270889,363,"No",0,0
"364",95,0.321031460117712,364,"Yes",1,0
"365",944,0.288142573431094,365,"No",0,0
"366",491,0.687885573892893,366,"Yes",1,1
"367",945,0.0270466582484746,367,"No",0,0
"368",492,0.587805655248046,368,"Yes",1,1
"369",946,0.264450829917055,369,"No",0,0
"370",493,0.702354498139155,370,"No",0,1
"371",947,0.0260871868114949,371,"No",0,0
"372",948,0.288216531789126,372,"No",0,0
"373",494,0.575714340455582,373,"Yes",1,1
"374",949,0.0827453897028144,374,"No",0,0
"375",96,0.383281904925011,375,"No",0,0
"376",950,0.275787319109712,376,"No",0,0
"377",97,0.0797255525895593,377,"No",0,0
"378",951,0.0729927637632164,378,"No",0,0
"379",952,0.421857245496552,379,"No",0,0
"380",953,0.0805120619556676,380,"No",0,0
"381",954,0.0115368749109382,381,"No",0,0
"382",955,0.393102983709455,382,"No",0,0
"383",495,0.380269152443798,383,"Yes",1,0
"384",956,0.0128158734878698,384,"No",0,0
"385",98,0.826576379413735,385,"Yes",1,1
"386",99,0.119452683706146,386,"No",0,0
"387",100,0.435726941889697,387,"Yes",1,0
"388",957,0.14172403250364,388,"No",0,0
"389",496,0.72934990975871,389,"No",0,1
"390",101,0.456080386432967,390,"No",0,0
"391",958,0.0111039137806516,391,"No",0,0
"392",102,0.155724018452734,392,"No",0,0
"393",497,0.692240147820828,393,"Yes",1,1
"394",959,0.0841663368899468,394,"No",0,0
"395",103,0.56862727309321,395,"Yes",1,1
"396",960,0.112556820130875,396,"No",0,0
"397",961,0.0373967572319856,397,"No",0,0
"398",104,0.169535873487431,398,"No",0,0
"399",105,0.247218779882448,399,"No",0,0
"400",962,0.0409634263255939,400,"No",0,0
"401",106,0.330400120366144,401,"No",0,0
"402",107,0.221266163254399,402,"No",0,0
"403",108,0.267558402026365,403,"No",0,0
"404",963,0.205565469010228,404,"Yes",1,0
"405",964,0.0298315003480348,405,"No",0,0
"406",498,0.575901077943678,406,"Yes",1,1
"407",109,0.131863560122893,407,"No",0,0
"408",965,0.054184790504462,408,"No",0,0
"409",110,0.607619231980421,409,"No",0,1
"410",966,0.0098530328923225,410,"No",0,0
"411",111,0.0354800776721376,411,"No",0,0
"412",112,0.163291503408897,412,"No",0,0
"413",967,0.00889238786136044,413,"No",0,0
"414",499,0.622860569808871,414,"Yes",1,1
"415",500,0.861223944029986,415,"Yes",1,1
"416",968,0.357170243996055,416,"No",0,0
"417",501,0.450003101500773,417,"Yes",1,0
"418",969,0.0202268698499933,418,"No",0,0
"419",970,0.0149500676141043,419,"No",0,0
"420",971,0.341489523404393,420,"No",0,0
"421",502,0.428327636645513,421,"No",0,0
"422",972,0.30645854844911,422,"Yes",1,0
"423",973,0.0798762478755195,423,"No",0,0
"424",974,0.0253710038205254,424,"No",0,0
"425",975,0.382095078006644,425,"Yes",1,0
"426",503,0.777084040626663,426,"Yes",1,1
"427",976,0.125459837972567,427,"Yes",1,0
"428",504,0.728686220317661,428,"No",0,1
"429",113,0.713242829838847,429,"Yes",1,1
"430",977,0.0153776085701131,430,"No",0,0
"431",978,0.1051883830724,431,"Yes",1,0
"432",979,0.00701158905048972,432,"No",0,0
"433",114,0.770383024129885,433,"Yes",1,1
"434",505,0.821848317958995,434,"Yes",1,1
"435",115,0.297706777960076,435,"No",0,0
"436",980,0.0233645811458335,436,"No",0,0
"437",116,0.0175857427604213,437,"No",0,0
"438",981,0.174319764470217,438,"No",0,0
"439",117,0.636853728258138,439,"Yes",1,1
"440",506,0.744984498676549,440,"Yes",1,1
"441",118,0.267339126048367,441,"Yes",1,0
"442",507,0.694314171583503,442,"Yes",1,1
"443",982,0.273381856657556,443,"No",0,0
"444",983,0.0725116966191146,444,"No",0,0
"445",984,0.00874175543288722,445,"No",0,0
"446",985,0.0143926082118511,446,"No",0,0
"447",986,0.181366296691554,447,"No",0,0
"448",987,0.0823631117016282,448,"No",0,0
"449",988,0.0284692577220175,449,"No",0,0
"450",989,0.471608458956401,450,"Yes",1,0
"451",508,0.648188352835041,451,"Yes",1,1
"452",990,0.00545959041153578,452,"No",0,0
"453",991,0.0239921339088529,453,"No",0,0
"454",509,0.804994748651167,454,"Yes",1,1
"455",992,0.556509138118075,455,"Yes",1,1
"456",993,0.0332154602143037,456,"No",0,0
"457",510,0.273127039857659,457,"No",0,0
"458",119,0.498782656520979,458,"No",0,0
"459",120,0.267219569086715,459,"No",0,0
"460",994,0.251131637798653,460,"No",0,0
"461",995,0.106224839830103,461,"No",0,0
"462",511,0.302151108588105,462,"Yes",1,0
"463",996,0.00568188157585927,463,"No",0,0
"464",997,0.102291035983925,464,"No",0,0
"465",998,0.00921231249615472,465,"No",0,0
"466",999,0.00665288097732593,466,"No",0,0
"467",1000,0.158607352456677,467,"No",0,0
"468",1001,0.0994325747168282,468,"No",0,0
"469",1002,0.0603472218547727,469,"No",0,0
"470",1003,0.0781738094364001,470,"No",0,0
"471",121,0.225286263061559,471,"No",0,0
"472",1004,0.100007418999611,472,"No",0,0
"473",122,0.268688941316565,473,"No",0,0
"474",123,0.597502505942136,474,"Yes",1,1
"475",124,0.161203240630589,475,"No",0,0
"476",1005,0.0175249896617591,476,"No",0,0
"477",125,0.348523362936737,477,"No",0,0
"478",1006,0.227846865322448,478,"Yes",1,0
"479",1007,0.0671623203139222,479,"No",0,0
"480",1008,0.0328832402625287,480,"No",0,0
"481",126,0.267897507532666,481,"No",0,0
"482",127,0.377735590588864,482,"No",0,0
"483",1009,0.0205219282266386,483,"No",0,0
"484",128,0.442827500495054,484,"No",0,0
"485",129,0.428025164252388,485,"Yes",1,0
"486",1010,0.244048676346424,486,"Yes",1,0
"487",512,0.551095991255159,487,"No",0,1
"488",1011,0.0378725658958456,488,"No",0,0
"489",1012,0.0168041494365785,489,"Yes",1,0
"490",513,0.620140802832428,490,"Yes",1,1
"491",1013,0.635734907157834,491,"No",0,1
"492",1014,0.0384161539754349,492,"No",0,0
"493",1015,0.0167710251299767,493,"No",0,0
"494",130,0.0721880556797202,494,"No",0,0
"495",514,0.644573394550614,495,"Yes",1,1
"496",131,0.154408346932229,496,"Yes",1,0
"497",1016,0.0671477761023218,497,"No",0,0
"498",1017,0.0105386446695887,498,"No",0,0
"499",1018,0.100216401065127,499,"No",0,0
"500",1019,0.0164456991240156,500,"No",0,0
"501",515,0.717177745768602,501,"Yes",1,1
"502",1020,0.0334825110143265,502,"No",0,0
"503",1021,0.0173804755733983,503,"No",0,0
"504",132,0.56835272011573,504,"Yes",1,1
"505",1022,0.218987950750587,505,"Yes",1,0
"506",133,0.429753513739862,506,"No",0,0
"507",1023,0.511372463626365,507,"Yes",1,1
"508",516,0.349558816588413,508,"Yes",1,0
"509",1024,0.0221060321191421,509,"No",0,0
"510",1025,0.0836109245970596,510,"No",0,0
"511",1026,0.00707093757659398,511,"No",0,0
"512",1027,0.205944510678592,512,"Yes",1,0
"513",1028,0.0410851924926704,513,"No",0,0
"514",1029,0.430879904024393,514,"No",0,0
"515",1030,0.174601813918659,515,"No",0,0
"516",1031,0.0519520819009171,516,"No",0,0
"517",134,0.0740043802683697,517,"No",0,0
"518",135,0.320477269526305,518,"Yes",1,0
"519",1032,0.19002157186844,519,"Yes",1,0
"520",517,0.492321937884662,520,"No",0,0
"521",518,0.718185241074501,521,"Yes",1,1
"522",1033,0.0287399938609154,522,"No",0,0
"523",1034,0.187357130904714,523,"No",0,0
"524",1035,0.132211745590449,524,"No",0,0
"525",519,0.436689008252026,525,"No",0,0
"526",136,0.220416658809695,526,"No",0,0
"527",1036,0.448304953317725,527,"No",0,0
"528",1037,0.153352815685883,528,"Yes",1,0
"529",1038,0.0293311882839906,529,"No",0,0
"530",520,0.735954524079226,530,"Yes",1,1
"531",1039,0.0285205092884981,531,"No",0,0
"532",1040,0.483539560674682,532,"Yes",1,0
"533",521,0.715784080225774,533,"Yes",1,1
"534",1041,0.321793916632213,534,"No",0,0
"535",1042,0.0369384890479516,535,"No",0,0
"536",1043,0.0171958185992048,536,"No",0,0
"537",522,0.73279514453488,537,"Yes",1,1
"538",1044,0.5970222285472,538,"Yes",1,1
"539",523,0.751747914479211,539,"Yes",1,1
"540",137,0.0905927207976393,540,"No",0,0
"541",524,0.640382244911493,541,"No",0,1
"542",1045,0.31779774869664,542,"Yes",1,0
"543",1046,0.0119707004127168,543,"No",0,0
"544",1047,0.166043720851716,544,"No",0,0
"545",138,0.296294616938958,545,"No",0,0
"546",1048,0.125674343814757,546,"No",0,0
"547",1049,0.0558530184673418,547,"No",0,0
"548",1050,0.0404752924199515,548,"No",0,0
"549",1051,0.566940011789632,549,"No",0,1
"550",1052,0.265353213315453,550,"Yes",1,0
"551",525,0.914485908533279,551,"Yes",1,1
"552",1053,0.247448678615911,552,"No",0,0
"553",526,0.522729113195855,553,"Yes",1,1
"554",1054,0.0161148056585263,554,"No",0,0
"555",1055,0.0316506756825233,555,"No",0,0
"556",527,0.530100707251053,556,"No",0,1
"557",1056,0.0146712794724652,557,"No",0,0
"558",1057,0.0502688861620771,558,"No",0,0
"559",1058,0.0787368954319355,559,"No",0,0
"560",1059,0.0194531448312115,560,"No",0,0
"561",1060,0.0992192488706802,561,"No",0,0
"562",1061,0.0177656201518868,562,"No",0,0
"563",1062,0.0254650182220023,563,"No",0,0
"564",528,0.79412134578235,564,"Yes",1,1
"565",529,0.6175916047658,565,"Yes",1,1
"566",1063,0.0242203887501307,566,"No",0,0
"567",530,0.789955541231288,567,"Yes",1,1
"568",1064,0.309762571304648,568,"No",0,0
"569",531,0.818843979982234,569,"No",0,1
"570",1065,0.0240717473882332,570,"No",0,0
"571",532,0.720617185504988,571,"Yes",1,1
"572",139,0.657520852550312,572,"No",0,1
"573",1066,0.0389042083515894,573,"No",0,0
"574",1067,0.0245247200030013,574,"No",0,0
"575",1068,0.166642672155934,575,"No",0,0
"576",533,0.710378352327083,576,"No",0,1
"577",140,0.0918373327667618,577,"No",0,0
"578",1069,0.158652734316407,578,"No",0,0
"579",1070,0.02244560476599,579,"No",0,0
"580",1071,0.249095504912863,580,"No",0,0
"581",1072,0.0866142310732616,581,"No",0,0
"582",1073,0.148294062310712,582,"No",0,0
"583",1074,0.0563815450897189,583,"No",0,0
"584",1075,0.0512240063593981,584,"No",0,0
"585",1076,0.0175330979737554,585,"No",0,0
"586",534,0.614883751046352,586,"No",0,1
"587",141,0.356254055751678,587,"No",0,0
"588",1077,0.0808492879442319,588,"No",0,0
"589",142,0.250016629826942,589,"No",0,0
"590",1078,0.0416312164531681,590,"No",0,0
"591",535,0.838909532493187,591,"No",0,1
"592",1079,0.0213925345318067,592,"No",0,0
"593",143,0.173623800614117,593,"No",0,0
"594",536,0.739224663508786,594,"No",0,1
"595",1080,0.00665288977715356,595,"No",0,0
"596",144,0.442904126683643,596,"Yes",1,0
"597",1081,0.0477093693619726,597,"No",0,0
"598",145,0.442082248426866,598,"No",0,0
"599",1082,0.016383619481167,599,"No",0,0
"600",1083,0.484354880183638,600,"Yes",1,0
"601",146,0.0467539530302018,601,"No",0,0
"602",537,0.76113094292832,602,"No",0,1
"603",147,0.634780470353274,603,"No",0,1
"604",1084,0.286557354673857,604,"Yes",1,0
"605",1085,0.125951236717691,605,"No",0,0
"606",148,0.360423862828212,606,"No",0,0
"607",1086,0.0247721331347248,607,"No",0,0
"608",1087,0.164966130559725,608,"No",0,0
"609",1088,0.0420575743854429,609,"No",0,0
"610",149,0.0926984530008157,610,"No",0,0
"611",1089,0.21892106284616,611,"Yes",1,0
"612",1090,0.0542455313066106,612,"No",0,0
"613",150,0.140384887922745,613,"No",0,0
"614",151,0.330836327035667,614,"No",0,0
"615",1091,0.0213346946409252,615,"No",0,0
"616",538,0.70248954309822,616,"No",0,1
"617",539,0.770525573690017,617,"Yes",1,1
"618",540,0.57381091191696,618,"Yes",1,1
"619",1092,0.261690824311019,619,"No",0,0
"620",152,0.138168910071903,620,"No",0,0
"621",1093,0.0303327113122623,621,"No",0,0
"622",541,0.681351575390397,622,"No",0,1
"623",153,0.0725574069420796,623,"No",0,0
"624",154,0.289109993839664,624,"Yes",1,0
"625",542,0.777730841997787,625,"No",0,1
"626",155,0.0306411847313036,626,"No",0,0
"627",156,0.165879583168043,627,"No",0,0
"628",1094,0.0518914035206001,628,"No",0,0
"629",1095,0.0430815605763293,629,"No",0,0
"630",1096,0.0235547572507958,630,"No",0,0
"631",1097,0.636459872398268,631,"Yes",1,1
"632",1098,0.0106461789378147,632,"No",0,0
"633",1099,0.00485658328506309,633,"No",0,0
"634",1100,0.0510003560966939,634,"No",0,0
"635",543,0.798562286042492,635,"Yes",1,1
"636",544,0.704234522806647,636,"Yes",1,1
"637",1101,0.00985375787265204,637,"No",0,0
"638",1102,0.0581342785450319,638,"No",0,0
"639",1103,0.0069948123967687,639,"No",0,0
"640",1104,0.0460564779775407,640,"No",0,0
"641",1105,0.107369564799973,641,"No",0,0
"642",1106,0.0171748879727304,642,"No",0,0
"643",1107,0.101929014361632,643,"No",0,0
"644",1108,0.0254778771079682,644,"No",0,0
"645",157,0.173316479417233,645,"Yes",1,0
"646",158,0.0910937485511808,646,"No",0,0
"647",1109,0.26913352122015,647,"Yes",1,0
"648",1110,0.532582294238498,648,"Yes",1,1
"649",545,0.913064826605134,649,"Yes",1,1
"650",1111,0.0196287962184441,650,"No",0,0
"651",1112,0.39190044878569,651,"No",0,0
"652",1113,0.145677788867009,652,"No",0,0
"653",159,0.0554643165997646,653,"No",0,0
"654",546,0.650410290329363,654,"No",0,1
"655",1114,0.0640796698385876,655,"No",0,0
"656",1115,0.447347590012898,656,"No",0,0
"657",160,0.305164569295349,657,"Yes",1,0
"658",1116,0.311611431687548,658,"Yes",1,0
"659",1117,0.0757430070707794,659,"Yes",1,0
"660",547,0.517381398256317,660,"Yes",1,1
"661",161,0.104926677046253,661,"No",0,0
"662",548,0.782371066534862,662,"Yes",1,1
"663",1118,0.0547016751523448,663,"Yes",1,0
"664",162,0.289403822648042,664,"No",0,0
"665",1119,0.18822888738409,665,"No",0,0
"666",163,0.151945108193778,666,"No",0,0
"667",549,0.567855252980365,667,"Yes",1,1
"668",1120,0.111443684670216,668,"No",0,0
"669",164,0.144337648270271,669,"Yes",1,0
"670",550,0.565084958059426,670,"No",0,1
"671",1121,0.601562594394882,671,"Yes",1,1
"672",1122,0.0151535163816826,672,"No",0,0
"673",1123,0.075365002610017,673,"No",0,0
"674",1124,0.0409507737670038,674,"No",0,0
"675",1125,0.333874717044919,675,"No",0,0
"676",1126,0.0629466390654853,676,"No",0,0
"677",1127,0.213285752750507,677,"No",0,0
"678",1128,0.016817996302307,678,"No",0,0
"679",551,0.745273720432969,679,"Yes",1,1
"680",1129,0.0143708157914988,680,"No",0,0
"681",1130,0.00758318199228615,681,"No",0,0
"682",165,0.0688054988556444,682,"No",0,0
"683",1131,0.030196704386352,683,"No",0,0
"684",1132,0.0246407392957274,684,"No",0,0
"685",1133,0.00670759762524249,685,"No",0,0
"686",166,0.50590984183387,686,"No",0,1
"687",167,0.570747384553571,687,"Yes",1,1
"688",552,0.744645665981755,688,"Yes",1,1
"689",1134,0.0292024006810014,689,"No",0,0
"690",1135,0.0394907416932212,690,"No",0,0
"691",1136,0.00768797467185633,691,"No",0,0
"692",1137,0.0265596381262821,692,"No",0,0
"693",1138,0.12154813027313,693,"No",0,0
"694",168,0.136691919217812,694,"No",0,0
"695",169,0.0994856537336627,695,"No",0,0
"696",1139,0.271464791724081,696,"No",0,0
"697",1140,0.310624274486981,697,"No",0,0
"698",1141,0.0476666186355406,698,"No",0,0
"699",553,0.837099155687833,699,"Yes",1,1
"700",170,0.735175124700675,700,"Yes",1,1
"701",554,0.866832995055517,701,"Yes",1,1
"702",171,0.264950720290295,702,"No",0,0
"703",172,0.0429663908779062,703,"No",0,0
"704",173,0.0516822719592191,704,"Yes",1,0
"705",555,0.714351268718816,705,"Yes",1,1
"706",174,0.518772589556764,706,"No",0,1
"707",1142,0.0723185747413956,707,"No",0,0
"708",1143,0.263629227750071,708,"Yes",1,0
"709",556,0.712839553768611,709,"Yes",1,1
"710",175,0.14827621733462,710,"Yes",1,0
"711",1144,0.0414908281891988,711,"No",0,0
"712",557,0.721812606539392,712,"Yes",1,1
"713",1145,0.0277137354350985,713,"No",0,0
"714",1146,0.011592314428754,714,"No",0,0
"715",558,0.670140503944377,715,"Yes",1,1
"716",176,0.267737894529271,716,"Yes",1,0
"717",1147,0.0232207399163984,717,"No",0,0
"718",177,0.271918137270555,718,"No",0,0
"719",1148,0.012106322508868,719,"No",0,0
"720",559,0.865371728106478,720,"Yes",1,1
"721",1149,0.0298869407098191,721,"No",0,0
"722",1150,0.0296030647460135,722,"No",0,0
"723",1151,0.0162850092124099,723,"No",0,0
"724",1152,0.236897246717851,724,"No",0,0
"725",560,0.640699114676886,725,"Yes",1,1
"726",1153,0.547372381025435,726,"Yes",1,1
"727",178,0.579028312143153,727,"No",0,1
"728",1154,0.00849835500951434,728,"No",0,0
"729",1155,0.0283645806860645,729,"No",0,0
"730",1156,0.0207384528339053,730,"Yes",1,0
"731",561,0.748259670918302,731,"Yes",1,1
"732",1157,0.144631944120842,732,"No",0,0
"733",1158,0.0374692066449833,733,"No",0,0
"734",1159,0.0668356143606596,734,"No",0,0
"735",562,0.805415355690836,735,"Yes",1,1
"736",1160,0.132016451609324,736,"No",0,0
"737",1161,0.163228236897331,737,"No",0,0
"738",1162,0.148453047924832,738,"No",0,0
"739",1163,0.345564630543066,739,"No",0,0
"740",563,0.617311627090012,740,"Yes",1,1
"741",1164,0.330716483866806,741,"Yes",1,0
"742",179,0.148855495304916,742,"No",0,0
"743",1165,0.0698815053307107,743,"No",0,0
"744",1166,0.264665204156311,744,"No",0,0
"745",1167,0.0216006379939427,745,"No",0,0
"746",1168,0.036654969326822,746,"No",0,0
"747",180,0.0762127110597737,747,"Yes",1,0
"748",181,0.188260075362573,748,"No",0,0
"749",182,0.126097537812958,749,"No",0,0
"750",1169,0.00888277861092994,750,"No",0,0
"751",564,0.670327644181545,751,"Yes",1,1
"752",1170,0.158652355350667,752,"No",0,0
"753",1171,0.0420759612001473,753,"No",0,0
"754",1172,0.332714606430744,754,"No",0,0
"755",183,0.463851906445201,755,"No",0,0
"756",184,0.85424072287718,756,"Yes",1,1
"757",1173,0.0319827090599914,757,"No",0,0
"758",1174,0.0118987021303087,758,"No",0,0
"759",1175,0.684046549315999,759,"Yes",1,1
"760",565,0.376255336079629,760,"No",0,0
"761",1176,0.0581560250099398,761,"No",0,0
"762",566,0.517562469557026,762,"No",0,1
"763",1177,0.0679664614219976,763,"No",0,0
"764",185,0.246311012496457,764,"No",0,0
"765",1178,0.1356267792156,765,"No",0,0
"766",1179,0.160333096359575,766,"No",0,0
"767",1180,0.0187761354303872,767,"No",0,0
"768",1181,0.0837263130203943,768,"No",0,0
"769",1182,0.491543157532576,769,"Yes",1,0
"770",1183,0.0106099692960744,770,"No",0,0
"771",186,0.420150490544653,771,"Yes",1,0
"772",1184,0.0222768801198629,772,"No",0,0
"773",1185,0.0546611574218548,773,"No",0,0
"774",1186,0.214562862232626,774,"No",0,0
"775",567,0.340447536805712,775,"No",0,0
"776",187,0.267458716977312,776,"Yes",1,0
"777",188,0.166188516490403,777,"No",0,0
"778",568,0.268849138636838,778,"No",0,0
"779",1187,0.18495879962754,779,"No",0,0
"780",189,0.329923410089139,780,"Yes",1,0
"781",1188,0.028858478297831,781,"No",0,0
"782",1189,0.022302469558126,782,"No",0,0
"783",1190,0.0474895975155304,783,"No",0,0
"784",190,0.0346553928860027,784,"No",0,0
"785",1191,0.169685632331632,785,"No",0,0
"786",191,0.225464822443074,786,"No",0,0
"787",1192,0.0278927650164699,787,"No",0,0
"788",192,0.750284508058392,788,"Yes",1,1
"789",1193,0.34446500980256,789,"No",0,0
"790",1194,0.0150126438041907,790,"No",0,0
"791",193,0.176298977789926,791,"No",0,0
"792",1195,0.396331937688157,792,"No",0,0
"793",1196,0.0724755048210659,793,"No",0,0
"794",569,0.915964878474485,794,"Yes",1,1
"795",194,0.0140649868824038,795,"No",0,0
"796",195,0.376566127728592,796,"Yes",1,0
"797",196,0.351270252940888,797,"No",0,0
"798",197,0.374785760549341,798,"No",0,0
"799",198,0.488720091626967,799,"Yes",1,0
"800",199,0.431513868641849,800,"No",0,0
"801",1197,0.296423577136833,801,"No",0,0
"802",1198,0.0523984177331448,802,"No",0,0
"803",1199,0.131003341069038,803,"No",0,0
"804",1200,0.217078752707479,804,"No",0,0
"805",570,0.436962705887934,805,"No",0,0
"806",1201,0.0173419879024961,806,"No",0,0
"807",1202,0.0676470895071901,807,"No",0,0
"808",1203,0.332909407342562,808,"Yes",1,0
"809",1204,0.00565453913867333,809,"No",0,0
"810",1205,0.1363165750568,810,"No",0,0
"811",1206,0.00928658907945658,811,"No",0,0
"812",1207,0.305317142580999,812,"Yes",1,0
"813",1208,0.362466324623289,813,"No",0,0
"814",1209,0.434801196249234,814,"No",0,0
"815",1210,0.633431188976483,815,"Yes",1,1
"816",200,0.0646700320968552,816,"No",0,0
"817",1211,0.0501593831421301,817,"No",0,0
"818",201,0.381784176869084,818,"No",0,0
"819",1212,0.0122886239861937,819,"No",0,0
"820",202,0.205568409429586,820,"No",0,0
"821",1213,0.0938869509273814,821,"No",0,0
"822",1214,0.523761501252092,822,"Yes",1,1
"823",1215,0.233853740462784,823,"No",0,0
"824",1216,0.0282728212733402,824,"No",0,0
"825",1217,0.210240910749713,825,"No",0,0
"826",1218,0.254143294779784,826,"No",0,0
"827",1219,0.178143804538301,827,"No",0,0
"828",571,0.806960895151004,828,"Yes",1,1
"829",203,0.177495248752545,829,"No",0,0
"830",1220,0.422565074463627,830,"Yes",1,0
"831",572,0.844510939894141,831,"Yes",1,1
"832",1221,0.145462469353174,832,"No",0,0
"833",573,0.835034092550563,833,"Yes",1,1
"834",1222,0.0546531016370606,834,"No",0,0
"835",574,0.597717842337008,835,"Yes",1,1
"836",1223,0.318616356038771,836,"No",0,0
"837",204,0.492024994198731,837,"No",0,0
"838",1224,0.00580514297470932,838,"No",0,0
"839",575,0.889935135424362,839,"Yes",1,1
"840",1225,0.054455910240684,840,"No",0,0
"841",1226,0.00556597468488463,841,"No",0,0
"842",1227,0.0443149311648577,842,"No",0,0
"843",1228,0.157591516205524,843,"No",0,0
"844",1229,0.0843596611370603,844,"No",0,0
"845",205,0.133918345827794,845,"No",0,0
"846",1230,0.0425897884138197,846,"No",0,0
"847",1231,0.0321929057012421,847,"No",0,0
"848",1232,0.0164952151924671,848,"No",0,0
"849",206,0.0768867913903229,849,"No",0,0
"850",1233,0.0498037793247681,850,"No",0,0
"851",207,0.36573705150114,851,"No",0,0
"852",208,0.0804371906223559,852,"No",0,0
"853",1234,0.0100658794878592,853,"No",0,0
"854",1235,0.119806533932008,854,"No",0,0
"855",209,0.0920871392485959,855,"No",0,0
"856",576,0.674593743562657,856,"Yes",1,1
"857",1236,0.0180504119766136,857,"No",0,0
"858",1237,0.0563285395222768,858,"No",0,0
"859",1238,0.243563772856558,859,"No",0,0
"860",577,0.829673444670085,860,"Yes",1,1
"861",1239,0.0326470705944663,861,"No",0,0
"862",1240,0.503914152275417,862,"Yes",1,1
"863",210,0.215568560870791,863,"No",0,0
"864",1241,0.0286147195470253,864,"No",0,0
"865",1242,0.00705900902324816,865,"No",0,0
"866",211,0.474319204476318,866,"No",0,0
"867",578,0.306582200763957,867,"No",0,0
"868",1243,0.0847030352138487,868,"No",0,0
"869",1244,0.00638048120710159,869,"No",0,0
"870",1245,0.0179316165914354,870,"No",0,0
"871",1246,0.1143095601633,871,"No",0,0
"872",1247,0.0856181134001395,872,"Yes",1,0
"873",212,0.267319197529041,873,"No",0,0
"874",1248,0.0588555791529239,874,"No",0,0
"875",213,0.334880962108015,875,"No",0,0
"876",214,0.0150940719208897,876,"No",0,0
"877",215,0.0824591454643381,877,"No",0,0
"878",1249,0.11840199104575,878,"No",0,0
"879",1250,0.432478485121075,879,"No",0,0
"880",1251,0.05541127158641,880,"No",0,0
"881",1252,0.369271559449384,881,"No",0,0
"882",216,0.331061588804436,882,"No",0,0
"883",579,0.481326236831954,883,"Yes",1,0
"884",217,0.377400829485783,884,"No",0,0
"885",1253,0.231234818401252,885,"No",0,0
"886",1254,0.012231209277595,886,"No",0,0
"887",580,0.772960278162087,887,"Yes",1,1
"888",218,0.225614403485503,888,"No",0,0
"889",219,0.192588490873158,889,"Yes",1,0
"890",220,0.658024739196225,890,"No",0,1
"891",1255,0.0333373170701013,891,"No",0,0
"892",1256,0.246511359177084,892,"Yes",1,0
"893",1257,0.0214195485685751,893,"No",0,0
"894",1258,0.151996660241814,894,"No",0,0
"895",581,0.435296224725578,895,"No",0,0
"896",1259,0.0399427412458392,896,"No",0,0
"897",1260,0.0137342666888212,897,"No",0,0
"898",221,0.259143732781193,898,"No",0,0
"899",222,0.0750412576989205,899,"No",0,0
"900",582,0.729171114965295,900,"No",0,1
"901",223,0.0629585219945023,901,"No",0,0
"902",224,0.248886155908199,902,"Yes",1,0
"903",1261,0.621900267596882,903,"No",0,1
"904",583,0.565050030267221,904,"No",0,1
"905",1262,0.00571423323769816,905,"No",0,0
"906",1263,0.0188252591984644,906,"No",0,0
"907",225,0.787778810980865,907,"Yes",1,1
"908",1264,0.0260777959555988,908,"No",0,0
"909",1265,0.0236275761749459,909,"No",0,0
"910",1266,0.239246337696237,910,"Yes",1,0
"911",226,0.267737894529271,911,"No",0,0
"912",227,0.134894087992081,912,"No",0,0
"913",228,0.249993052607629,913,"Yes",1,0
"914",1267,0.28885000380315,914,"No",0,0
"915",1268,0.0597726220355049,915,"Yes",1,0
"916",1269,0.285918878373823,916,"No",0,0
"917",1270,0.0646698797950522,917,"No",0,0
"918",1271,0.00954934928717827,918,"No",0,0
"919",229,0.042724680641311,919,"No",0,0
"920",1272,0.0723572659492425,920,"No",0,0
"921",1273,0.0931922569566791,921,"No",0,0
"922",1274,0.0117146290320349,922,"No",0,0
"923",1275,0.242846755166763,923,"Yes",1,0
"924",584,0.67788914340189,924,"No",0,1
"925",1276,0.0777240372904902,925,"No",0,0
"926",585,0.868908141651113,926,"No",0,1
"927",586,0.713601717858514,927,"Yes",1,1
"928",587,0.888021115488002,928,"Yes",1,1
"929",1277,0.113379151450236,929,"No",0,0
"930",1278,0.0360510646055386,930,"No",0,0
"931",588,0.689892414091996,931,"No",0,1
"932",589,0.71975493316455,932,"Yes",1,1
"933",230,0.197025782289212,933,"No",0,0
"934",1279,0.148845509133853,934,"No",0,0
"935",1280,0.503796439598039,935,"Yes",1,1
"936",231,0.350632114308428,936,"No",0,0
"937",1281,0.0327490315848126,937,"No",0,0
"938",1282,0.10738383902749,938,"Yes",1,0
"939",232,0.0749963454631959,939,"Yes",1,0
"940",1283,0.674076984293354,940,"Yes",1,1
"941",233,0.271922703702103,941,"No",0,0
"942",590,0.559475264123814,942,"No",0,1
"943",1284,0.0350129745205898,943,"No",0,0
"944",234,0.267538463130134,944,"No",0,0
"945",591,0.803987635467356,945,"Yes",1,1
"946",1285,0.149941290942429,946,"No",0,0
"947",1286,0.105167599896055,947,"No",0,0
"948",1287,0.0119621257007932,948,"No",0,0
"949",235,0.12077133551098,949,"No",0,0
"950",1288,0.0286214945826727,950,"No",0,0
"951",592,0.467236416701113,951,"Yes",1,0
"952",1289,0.470996133295976,952,"No",0,0
"953",1290,0.199702991649169,953,"Yes",1,0
"954",1291,0.053662870278492,954,"No",0,0
"955",1292,0.243847917434305,955,"No",0,0
"956",236,0.269136552139823,956,"No",0,0
"957",237,0.0397698001447723,957,"No",0,0
"958",1293,0.168916977649436,958,"No",0,0
"959",1294,0.447718886844297,959,"No",0,0
"960",593,0.552550560993126,960,"No",0,1
"961",594,0.600091521811984,961,"No",0,1
"962",595,0.58766040555581,962,"No",0,1
"963",596,0.798473419714608,963,"No",0,1
"964",597,0.338911488725541,964,"Yes",1,0
"965",1295,0.0472145764428977,965,"No",0,0
"966",238,0.0324634599861571,966,"No",0,0
"967",239,0.50728140874568,967,"No",0,1
"968",1296,0.100377293430875,968,"No",0,0
"969",1297,0.0102439451704989,969,"No",0,0
"970",1298,0.0188374053740951,970,"No",0,0
"971",1299,0.161615812427584,971,"No",0,0
"972",1300,0.024624908326811,972,"No",0,0
"973",598,0.880529793169974,973,"Yes",1,1
"974",1301,0.238030102489724,974,"Yes",1,0
"975",240,0.174869572266686,975,"Yes",1,0
"976",599,0.621737089248057,976,"No",0,1
"977",1302,0.0496470760922192,977,"No",0,0
"978",1303,0.0914893267600622,978,"No",0,0
"979",1304,0.00705900902324816,979,"No",0,0
"980",241,0.199373948664255,980,"No",0,0
"981",242,0.252163683330877,981,"Yes",1,0
"982",600,0.580965471780644,982,"Yes",1,1
"983",1305,0.234548207140734,983,"No",0,0
"984",243,0.486745284539376,984,"No",0,0
"985",1306,0.0300436839670587,985,"No",0,0
"986",1307,0.00772132649835207,986,"No",0,0
"987",1308,0.0231778170385427,987,"No",0,0
"988",1309,0.0711452459665616,988,"No",0,0
"989",1310,0.560590870994751,989,"Yes",1,1
"990",1311,0.00748625191108972,990,"No",0,0
"991",1312,0.00637901050363222,991,"No",0,0
"992",1313,0.0412437197523663,992,"No",0,0
"993",1314,0.206341057818639,993,"Yes",1,0
"994",1315,0.0395772552527531,994,"No",0,0
"995",1316,0.048533315262994,995,"No",0,0
"996",1317,0.0375698626049014,996,"No",0,0
"997",244,0.442602888253615,997,"No",0,0
"998",601,0.682343959476495,998,"Yes",1,1
"999",1318,0.0585581783824398,999,"No",0,0
"1000",1319,0.162697361358831,1000,"No",0,0
"1001",245,0.228382065361837,1001,"No",0,0
"1002",1320,0.0131364478553917,1002,"No",0,0
"1003",602,0.839187192270643,1003,"No",0,1
"1004",1321,0.0389730966005804,1004,"No",0,0
"1005",1322,0.477768799798414,1005,"No",0,0
"1006",1323,0.152030124548977,1006,"Yes",1,0
"1007",246,0.379597846497262,1007,"Yes",1,0
"1008",603,0.645898099788174,1008,"Yes",1,1
"1009",1324,0.0359291621716359,1009,"No",0,0
"1010",1325,0.375324726720395,1010,"Yes",1,0
"1011",247,0.138696919422893,1011,"No",0,0
"1012",1326,0.332453329007572,1012,"No",0,0
"1013",1327,0.0280495072845185,1013,"No",0,0
"1014",1328,0.0162081535268716,1014,"No",0,0
"1015",1329,0.222594827497896,1015,"Yes",1,0
"1016",1330,0.282474134359525,1016,"No",0,0
"1017",1331,0.344070423561677,1017,"No",0,0
"1018",604,0.817007537574298,1018,"Yes",1,1
"1019",1332,0.244375042449878,1019,"Yes",1,0
"1020",248,0.0602939570290277,1020,"No",0,0
"1021",1333,0.0161197668142467,1021,"No",0,0
"1022",1334,0.0876112753040314,1022,"No",0,0
"1023",249,0.589862775889054,1023,"No",0,1
"1024",1335,0.0773433976130542,1024,"No",0,0
"1025",605,0.617378738601024,1025,"Yes",1,1
"1026",250,0.186164974124876,1026,"No",0,0
"1027",251,0.766299179254853,1027,"Yes",1,1
"1028",1336,0.487575309487988,1028,"Yes",1,0
"1029",1337,0.483716247167591,1029,"Yes",1,0
"1030",252,0.0718513903006245,1030,"No",0,0
"1031",1338,0.00766678825634524,1031,"No",0,0
"1032",1339,0.0130706916649366,1032,"No",0,0
"1033",1340,0.0388006992428571,1033,"No",0,0
"1034",1341,0.0710724118194743,1034,"No",0,0
"1035",1342,0.0828000224244903,1035,"No",0,0
"1036",606,0.559479636512327,1036,"No",0,1
"1037",1343,0.245258964719275,1037,"No",0,0
"1038",253,0.179085274602024,1038,"No",0,0
"1039",254,0.107705314775603,1039,"No",0,0
"1040",1344,0.0205057665696774,1040,"No",0,0
"1041",607,0.457611799777036,1041,"Yes",1,0
"1042",1345,0.0149019891435719,1042,"No",0,0
"1043",255,0.0265718282240011,1043,"No",0,0
"1044",1346,0.115977406016176,1044,"No",0,0
"1045",1347,0.0108498930954417,1045,"No",0,0
"1046",1348,0.00858038972607432,1046,"No",0,0
"1047",1349,0.305256931754683,1047,"No",0,0
"1048",1350,0.356169603806074,1048,"No",0,0
"1049",1351,0.126509234519793,1049,"No",0,0
"1050",608,0.636880818502027,1050,"No",0,1
"1051",1352,0.0314187585094206,1051,"No",0,0
"1052",609,0.712086537467183,1052,"No",0,1
"1053",1353,0.089765160458278,1053,"No",0,0
"1054",1354,0.0288714179453493,1054,"No",0,0
"1055",1355,0.0234087792299666,1055,"No",0,0
"1056",1356,0.0132564289469729,1056,"No",0,0
"1057",1357,0.0423467349853985,1057,"No",0,0
"1058",1358,0.369255531604659,1058,"No",0,0
"1059",256,0.502343298909828,1059,"No",0,1
"1060",1359,0.0272129058600443,1060,"No",0,0
"1061",257,0.108598353705013,1061,"No",0,0
"1062",1360,0.0744907298364298,1062,"No",0,0
"1063",1361,0.0872364016969281,1063,"No",0,0
"1064",1362,0.0108876858041264,1064,"No",0,0
"1065",610,0.632024557722943,1065,"No",0,1
"1066",611,0.723843588027501,1066,"No",0,1
"1067",1363,0.438508155057526,1067,"Yes",1,0
"1068",612,0.638728144853059,1068,"No",0,1
"1069",613,0.514808956046426,1069,"Yes",1,1
"1070",1364,0.00909117994845593,1070,"No",0,0
"1071",1365,0.0919730248935048,1071,"No",0,0
"1072",1366,0.285647746271086,1072,"No",0,0
"1073",614,0.738417245612046,1073,"Yes",1,1
"1074",1367,0.101285082834795,1074,"No",0,0
"1075",1368,0.0454900294572278,1075,"No",0,0
"1076",615,0.679008795909305,1076,"Yes",1,1
"1077",1369,0.379517611727232,1077,"No",0,0
"1078",1370,0.156280477977726,1078,"No",0,0
"1079",616,0.596155691726985,1079,"Yes",1,1
"1080",258,0.0549593280279767,1080,"No",0,0
"1081",259,0.860220576220655,1081,"Yes",1,1
"1082",1371,0.0713885639153025,1082,"No",0,0
"1083",260,0.143187462263329,1083,"No",0,0
"1084",1372,0.0232724785108306,1084,"No",0,0
"1085",1373,0.0105889244513897,1085,"No",0,0
"1086",1374,0.0247812632360928,1086,"No",0,0
"1087",261,0.293510979448314,1087,"No",0,0
"1088",1375,0.0441429653169424,1088,"No",0,0
"1089",1376,0.136786389726283,1089,"No",0,0
"1090",617,0.530130355438498,1090,"Yes",1,1
"1091",618,0.420996836614604,1091,"No",0,0
"1092",619,0.363554837876445,1092,"No",0,0
"1093",1377,0.0973975240912605,1093,"No",0,0
"1094",620,0.819888391097762,1094,"Yes",1,1
"1095",1378,0.342498222904433,1095,"Yes",1,0
"1096",621,0.25487747643004,1096,"No",0,0
"1097",1379,0.436095109019012,1097,"No",0,0
"1098",622,0.706559307243132,1098,"Yes",1,1
"1099",623,0.694838850546084,1099,"Yes",1,1
"1100",624,0.318962634285603,1100,"Yes",1,0
"1101",1380,0.054804134673132,1101,"No",0,0
"1102",262,0.409798233412938,1102,"No",0,0
"1103",1381,0.0671286107450003,1103,"No",0,0
"1104",625,0.741609881623134,1104,"Yes",1,1
"1105",1382,0.0088976948206958,1105,"No",0,0
"1106",1383,0.147583183336515,1106,"No",0,0
"1107",626,0.740257318044243,1107,"Yes",1,1
"1108",263,0.0544224094166635,1108,"No",0,0
"1109",1384,0.0791691325969135,1109,"No",0,0
"1110",1385,0.400950573844645,1110,"Yes",1,0
"1111",1386,0.472523224843428,1111,"No",0,0
"1112",1387,0.182607675114267,1112,"No",0,0
"1113",1388,0.010341407925109,1113,"No",0,0
"1114",1389,0.196024041714524,1114,"No",0,0
"1115",1390,0.432689200021314,1115,"Yes",1,0
"1116",627,0.700057699403025,1116,"Yes",1,1
"1117",1391,0.0437625372599365,1117,"Yes",1,0
"1118",628,0.42222142512902,1118,"No",0,0
"1119",629,0.375590704674258,1119,"No",0,0
"1120",630,0.635510426111009,1120,"Yes",1,1
"1121",1392,0.0438038315884965,1121,"No",0,0
"1122",264,0.0996497028050845,1122,"Yes",1,0
"1123",631,0.381984608135148,1123,"No",0,0
"1124",265,0.364718296801767,1124,"No",0,0
"1125",632,0.874414758079009,1125,"Yes",1,1
"1126",266,0.0845550540912502,1126,"No",0,0
"1127",633,0.293091360312728,1127,"No",0,0
"1128",1393,0.224406563565846,1128,"No",0,0
"1129",1394,0.266020967286057,1129,"No",0,0
"1130",267,0.120781605325193,1130,"No",0,0
"1131",1395,0.0640282815930994,1131,"No",0,0
"1132",1396,0.199190160465885,1132,"No",0,0
"1133",1397,0.206999302674822,1133,"No",0,0
"1134",268,0.10713153246863,1134,"No",0,0
"1135",1398,0.00802021367330186,1135,"No",0,0
"1136",1399,0.0152593886219483,1136,"No",0,0
"1137",1400,0.0134401758563228,1137,"No",0,0
"1138",269,0.605081240916279,1138,"No",0,1
"1139",1401,0.513892572698885,1139,"Yes",1,1
"1140",1402,0.0224792506172589,1140,"No",0,0
"1141",1403,0.0382508912799393,1141,"No",0,0
"1142",1404,0.143942260829489,1142,"No",0,0
"1143",270,0.337098882944136,1143,"No",0,0
"1144",271,0.0180515856774842,1144,"No",0,0
"1145",634,0.785502987312911,1145,"Yes",1,1
"1146",635,0.737693672398316,1146,"Yes",1,1
"1147",1405,0.035637145695007,1147,"No",0,0
"1148",272,0.282090131706684,1148,"No",0,0
"1149",1406,0.074138772145311,1149,"No",0,0
"1150",273,0.0864481703588127,1150,"No",0,0
"1151",1407,0.623150606328548,1151,"No",0,1
"1152",1408,0.212834161720475,1152,"No",0,0
"1153",1409,0.0636684704608481,1153,"No",0,0
"1154",1410,0.010368912429615,1154,"No",0,0
"1155",1411,0.102446933105656,1155,"Yes",1,0
"1156",1412,0.304670484609459,1156,"No",0,0
"1157",1413,0.326436312966851,1157,"No",0,0
"1158",1414,0.0303991378454307,1158,"No",0,0
"1159",1415,0.0275666079397463,1159,"No",0,0
"1160",1416,0.072856627380912,1160,"No",0,0
"1161",636,0.628700031078185,1161,"No",0,1
"1162",1417,0.0244826191214906,1162,"No",0,0
"1163",274,0.066531083363282,1163,"Yes",1,0
"1164",637,0.678383799221478,1164,"Yes",1,1
"1165",1418,0.0125687578342439,1165,"No",0,0
"1166",1419,0.205356626143948,1166,"No",0,0
"1167",275,0.618349171483449,1167,"Yes",1,1
"1168",1420,0.00711619757844582,1168,"No",0,0
"1169",1421,0.224040665006426,1169,"No",0,0
"1170",1422,0.0127638893351211,1170,"No",0,0
"1171",1423,0.0118564848833111,1171,"No",0,0
"1172",638,0.639081036291277,1172,"Yes",1,1
"1173",276,0.247616633933757,1173,"No",0,0
"1174",1424,0.391910621172857,1174,"No",0,0
"1175",1425,0.172234719336933,1175,"No",0,0
"1176",1426,0.0305506638986068,1176,"No",0,0
"1177",1427,0.010114335918095,1177,"Yes",1,0
"1178",1428,0.101630299185845,1178,"No",0,0
"1179",1429,0.0471823221736772,1179,"No",0,0
"1180",639,0.827586387563856,1180,"Yes",1,1
"1181",1430,0.0839277344025306,1181,"No",0,0
"1182",640,0.610149806799968,1182,"Yes",1,1
"1183",1431,0.50679909101607,1183,"No",0,1
"1184",1432,0.00622254002654583,1184,"No",0,0
"1185",277,0.073487801728302,1185,"No",0,0
"1186",641,0.887091369564178,1186,"Yes",1,1
"1187",1433,0.294566763015648,1187,"No",0,0
"1188",1434,0.227324761069479,1188,"No",0,0
"1189",642,0.704749102380628,1189,"Yes",1,1
"1190",1435,0.0104700233030723,1190,"No",0,0
"1191",1436,0.114529341010261,1191,"No",0,0
"1192",1437,0.434676338977737,1192,"Yes",1,0
"1193",1438,0.0177451390315197,1193,"No",0,0
"1194",278,0.357777609133228,1194,"No",0,0
"1195",279,0.43285152470141,1195,"No",0,0
"1196",1439,0.0349802413004646,1196,"No",0,0
"1197",1440,0.0240843344812115,1197,"No",0,0
"1198",1441,0.203196931964809,1198,"No",0,0
"1199",1442,0.0189047719721371,1199,"No",0,0
"1200",1443,0.133805206477913,1200,"No",0,0
"1201",280,0.418651887085112,1201,"Yes",1,0
"1202",1444,0.22467270191166,1202,"No",0,0
"1203",281,0.607831461027439,1203,"Yes",1,1
"1204",1445,0.46901933376822,1204,"No",0,0
"1205",1446,0.0101058872868693,1205,"No",0,0
"1206",282,0.07786983291421,1206,"No",0,0
"1207",1447,0.113366760514233,1207,"No",0,0
"1208",1448,0.0317349928158689,1208,"No",0,0
"1209",283,0.440193207770534,1209,"No",0,0
"1210",1449,0.182648218804224,1210,"No",0,0
"1211",1450,0.0243383609044805,1211,"No",0,0
"1212",1451,0.305565679531666,1212,"No",0,0
"1213",1452,0.0669351210055637,1213,"No",0,0
"1214",284,0.299906245832475,1214,"No",0,0
"1215",643,0.794611815525024,1215,"Yes",1,1
"1216",285,0.158828632104868,1216,"No",0,0
"1217",1453,0.162813290199618,1217,"No",0,0
"1218",1454,0.00775586054669826,1218,"No",0,0
"1219",1455,0.0281186370451702,1219,"No",0,0
"1220",1456,0.287150132330042,1220,"Yes",1,0
"1221",1457,0.0359403125589336,1221,"No",0,0
"1222",286,0.306691011364589,1222,"No",0,0
"1223",1458,0.0391216489073142,1223,"No",0,0
"1224",644,0.739709598216673,1224,"Yes",1,1
"1225",1459,0.204797375049522,1225,"No",0,0
"1226",1460,0.159370929713495,1226,"Yes",1,0
"1227",287,0.10781701920747,1227,"No",0,0
"1228",1461,0.0873479231237494,1228,"No",0,0
"1229",288,0.0887458684778415,1229,"No",0,0
"1230",1462,0.0997430172787671,1230,"No",0,0
"1231",289,0.122034244413957,1231,"Yes",1,0
"1232",1463,0.106683248699142,1232,"No",0,0
"1233",290,0.216882234079601,1233,"No",0,0
"1234",645,0.699366862127671,1234,"No",0,1
"1235",291,0.376946697883486,1235,"No",0,0
"1236",292,0.0129788538119714,1236,"No",0,0
"1237",293,0.0130983666920641,1237,"No",0,0
"1238",646,0.306315175597362,1238,"No",0,0
"1239",294,0.319103906344289,1239,"Yes",1,0
"1240",1464,0.13365676976722,1240,"Yes",1,0
"1241",1465,0.0176755251100563,1241,"No",0,0
"1242",647,0.647502129954944,1242,"No",0,1
"1243",1466,0.0356044975123141,1243,"No",0,0
"1244",648,0.334444759746608,1244,"Yes",1,0
"1245",295,0.285622780847264,1245,"Yes",1,0
"1246",1467,0.051828234917011,1246,"No",0,0
"1247",1468,0.0307534454774127,1247,"Yes",1,0
"1248",296,0.504489077607438,1248,"No",0,1
"1249",649,0.676787043453817,1249,"Yes",1,1
"1250",650,0.61013334905448,1250,"No",0,1
"1251",297,0.158603845220013,1251,"Yes",1,0
"1252",1469,0.102783563539077,1252,"No",0,0
"1253",1470,0.0278955707610341,1253,"No",0,0
"1254",651,0.792064752687759,1254,"No",0,1
"1255",298,0.26928582667573,1255,"No",0,0
"1256",1471,0.0860169150860317,1256,"No",0,0
"1257",1472,0.0114783120306581,1257,"No",0,0
"1258",1473,0.0121873092340562,1258,"No",0,0
"1259",1474,0.583559669516957,1259,"No",0,1
"1260",299,0.104357096932242,1260,"No",0,0
"1261",300,0.382699872399902,1261,"No",0,0
"1262",1475,0.203929031298842,1262,"No",0,0
"1263",301,0.478813436485591,1263,"Yes",1,0
"1264",1476,0.0392833192798319,1264,"No",0,0
"1265",1477,0.114444556531967,1265,"No",0,0
"1266",1478,0.021491265747933,1266,"No",0,0
"1267",1479,0.552419317182055,1267,"No",0,1
"1268",1480,0.203271788111052,1268,"No",0,0
"1269",302,0.112741403063152,1269,"No",0,0
"1270",1481,0.149756866865933,1270,"No",0,0
"1271",1482,0.307564560274865,1271,"No",0,0
"1272",1483,0.0214934451686315,1272,"No",0,0
"1273",303,0.267777792123986,1273,"No",0,0
"1274",304,0.197743345989194,1274,"No",0,0
"1275",1484,0.0123599229033824,1275,"No",0,0
"1276",1485,0.41007214606025,1276,"No",0,0
"1277",1486,0.393793545240122,1277,"Yes",1,0
"1278",652,0.585625676316261,1278,"No",0,1
"1279",1487,0.321850658832602,1279,"No",0,0
"1280",1488,0.00670725261889062,1280,"No",0,0
"1281",653,0.689406068815382,1281,"No",0,1
"1282",1489,0.0492672199154116,1282,"No",0,0
"1283",1490,0.107757901828919,1283,"Yes",1,0
"1284",1491,0.175083892106102,1284,"Yes",1,0
"1285",1492,0.428790428450246,1285,"No",0,0
"1286",1493,0.234005337911115,1286,"No",0,0
"1287",1494,0.225577320832997,1287,"No",0,0
"1288",305,0.0492730961365831,1288,"No",0,0
"1289",306,0.348941239593319,1289,"No",0,0
"1290",1495,0.0614953530289085,1290,"Yes",1,0
"1291",1496,0.109619415706144,1291,"No",0,0
"1292",1497,0.104159320836583,1292,"No",0,0
"1293",654,0.89655453253223,1293,"Yes",1,1
"1294",1498,0.141505219252424,1294,"No",0,0
"1295",1499,0.0348597272049425,1295,"No",0,0
"1296",655,0.808236885308625,1296,"Yes",1,1
"1297",656,0.35251440698763,1297,"No",0,0
"1298",1500,0.0662194700176655,1298,"No",0,0
"1299",657,0.832795999725248,1299,"No",0,1
"1300",1501,0.0094236171270217,1300,"No",0,0
"1301",307,0.111032612383921,1301,"Yes",1,0
"1302",1502,0.0428386674904201,1302,"No",0,0
"1303",308,0.285439181587036,1303,"Yes",1,0
"1304",1503,0.0353133999092132,1304,"No",0,0
"1305",1504,0.127712098346033,1305,"No",0,0
"1306",1505,0.0255996331535167,1306,"No",0,0
"1307",1506,0.10482496266991,1307,"No",0,0
"1308",1507,0.0237267328844248,1308,"No",0,0
"1309",1508,0.0412120706341991,1309,"No",0,0
"1310",1509,0.127574725393707,1310,"No",0,0
"1311",1510,0.0397067980590081,1311,"No",0,0
"1312",1511,0.384421369806786,1312,"No",0,0
"1313",1512,0.105327240857128,1313,"No",0,0
"1314",658,0.591012195754092,1314,"Yes",1,1
"1315",1513,0.0310616511927379,1315,"No",0,0
"1316",659,0.70577732332032,1316,"Yes",1,1
"1317",660,0.624380692492558,1317,"No",0,1
"1318",661,0.693832231191845,1318,"Yes",1,1
"1319",1514,0.290788147414216,1319,"No",0,0
"1320",1515,0.0781335921758163,1320,"No",0,0
"1321",309,0.407532982252253,1321,"No",0,0
"1322",310,0.450907866478433,1322,"No",0,0
"1323",1516,0.180710748070513,1323,"No",0,0
"1324",662,0.743969109158319,1324,"Yes",1,1
"1325",311,0.244953574581803,1325,"No",0,0
"1326",312,0.0992495616090648,1326,"No",0,0
"1327",1517,0.183096670390366,1327,"No",0,0
"1328",1518,0.406767106182503,1328,"No",0,0
"1329",663,0.697845853138524,1329,"No",0,1
"1330",313,0.404973016798399,1330,"No",0,0
"1331",664,0.55106083255331,1331,"Yes",1,1
"1332",1519,0.199329622755753,1332,"No",0,0
"1333",314,0.466220308423283,1333,"Yes",1,0
"1334",1520,0.281304333220662,1334,"No",0,0
"1335",315,0.221837761308767,1335,"No",0,0
"1336",665,0.500158326956738,1336,"Yes",1,1
"1337",316,0.224505905674457,1337,"No",0,0
"1338",317,0.416467438530466,1338,"No",0,0
"1339",1521,0.17919276851156,1339,"No",0,0
"1340",1522,0.0750532221990923,1340,"No",0,0
"1341",1523,0.0836487462814024,1341,"No",0,0
"1342",318,0.11032829588779,1342,"No",0,0
"1343",319,0.12346681066781,1343,"No",0,0
"1344",666,0.76372504703392,1344,"No",0,1
"1345",1524,0.030298971345985,1345,"No",0,0
"1346",1525,0.0512669120400653,1346,"No",0,0
"1347",1526,0.0490634616099157,1347,"No",0,0
"1348",1527,0.0794487311742215,1348,"No",0,0
"1349",320,0.282831950156087,1349,"No",0,0
"1350",1528,0.0484433503242366,1350,"Yes",1,0
"1351",1529,0.191616172184822,1351,"Yes",1,0
"1352",1530,0.154666238315204,1352,"No",0,0
"1353",1531,0.0341801336127885,1353,"No",0,0
"1354",1532,0.268000571593431,1354,"No",0,0
"1355",321,0.176591173433241,1355,"No",0,0
"1356",1533,0.0102680419697044,1356,"No",0,0
"1357",667,0.827650954124891,1357,"Yes",1,1
"1358",1534,0.0172337433575206,1358,"No",0,0
"1359",668,0.379423543320978,1359,"Yes",1,0
"1360",1535,0.384585195759031,1360,"Yes",1,0
"1361",322,0.376813907399534,1361,"Yes",1,0
"1362",669,0.393885687162165,1362,"No",0,0
"1363",323,0.288811908465519,1363,"Yes",1,0
"1364",1536,0.382203717467489,1364,"Yes",1,0
"1365",670,0.646679205660143,1365,"No",0,1
"1366",1537,0.0197157909518686,1366,"No",0,0
"1367",1538,0.172184134072624,1367,"No",0,0
"1368",671,0.265869266229208,1368,"No",0,0
"1369",1539,0.129029544189171,1369,"No",0,0
"1370",324,0.00981008701986459,1370,"No",0,0
"1371",672,0.847109622380877,1371,"Yes",1,1
"1372",673,0.784844842423359,1372,"Yes",1,1
"1373",325,0.00849230945381034,1373,"No",0,0
"1374",326,0.573536972159275,1374,"Yes",1,1
"1375",1540,0.00597412136945277,1375,"No",0,0
"1376",674,0.663696395880563,1376,"No",0,1
"1377",1541,0.0614303629370044,1377,"No",0,0
"1378",675,0.747571569962087,1378,"Yes",1,1
"1379",327,0.572466512990735,1379,"Yes",1,1
"1380",1542,0.539281263481536,1380,"Yes",1,1
"1381",328,0.0830881071715152,1381,"No",0,0
"1382",1543,0.0494810870853773,1382,"No",0,0
"1383",1544,0.00809130703588743,1383,"No",0,0
"1384",1545,0.0877405421582355,1384,"No",0,0
"1385",1546,0.189830746269627,1385,"No",0,0
"1386",1547,0.0771885117734345,1386,"No",0,0
"1387",1548,0.290828560621791,1387,"No",0,0
"1388",676,0.694234916402871,1388,"No",0,1
"1389",677,0.592569598135658,1389,"Yes",1,1
"1390",1549,0.461280221068376,1390,"Yes",1,0
"1391",1550,0.0806870011775091,1391,"No",0,0
"1392",329,0.320765385566295,1392,"Yes",1,0
"1393",330,0.165948971661286,1393,"No",0,0
"1394",1551,0.0178571173753477,1394,"No",0,0
"1395",678,0.627983224889443,1395,"Yes",1,1
"1396",679,0.600366789646262,1396,"Yes",1,1
"1397",1552,0.185448060657211,1397,"Yes",1,0
"1398",331,0.463194073729682,1398,"No",0,0
"1399",332,0.347436997372141,1399,"No",0,0
"1400",680,0.695231642964005,1400,"Yes",1,1
"1401",1553,0.427664191839085,1401,"No",0,0
"1402",1554,0.0565584696039934,1402,"No",0,0
"1403",1555,0.240067759311273,1403,"No",0,0
"1404",333,0.193990201512638,1404,"Yes",1,0
"1405",334,0.603799869926717,1405,"No",0,1
"1406",1556,0.304643256034033,1406,"Yes",1,0
"1407",681,0.564760515667876,1407,"No",0,1
"1408",335,0.0968369602449882,1408,"No",0,0
"1409",1557,0.0830401277753095,1409,"No",0,0
"1410",1558,0.0737513282131249,1410,"No",0,0
"1411",682,0.591943968146862,1411,"No",0,1
"1412",336,0.267398917267416,1412,"No",0,0
"1413",683,0.874600170809916,1413,"Yes",1,1
"1414",1559,0.0782676639968065,1414,"No",0,0
"1415",1560,0.406602394949899,1415,"Yes",1,0
"1416",1561,0.00579814737522066,1416,"No",0,0
"1417",1562,0.0176421809319484,1417,"No",0,0
"1418",1563,0.159514806647647,1418,"No",0,0
"1419",1564,0.013101349793751,1419,"No",0,0
"1420",1565,0.372542811836078,1420,"No",0,0
"1421",337,0.0183540207605913,1421,"No",0,0
"1422",1566,0.0502244738999292,1422,"No",0,0
"1423",684,0.706290650017667,1423,"No",0,1
"1424",1567,0.107107044221142,1424,"No",0,0
"1425",1568,0.0660439707602999,1425,"No",0,0
"1426",1569,0.191446014798818,1426,"Yes",1,0
"1427",1570,0.00882944531991413,1427,"No",0,0
"1428",685,0.270423957256163,1428,"No",0,0
"1429",1571,0.0205925743250951,1429,"No",0,0
"1430",1572,0.461103735642103,1430,"No",0,0
"1431",686,0.682645183689617,1431,"Yes",1,1
"1432",687,0.741529921550138,1432,"Yes",1,1
"1433",338,0.467076487595077,1433,"No",0,0
"1434",339,0.629551821676242,1434,"Yes",1,1
"1435",1573,0.0169844750073503,1435,"No",0,0
"1436",1574,0.0249629673835472,1436,"No",0,0
"1437",1575,0.340495775735278,1437,"No",0,0
"1438",1576,0.0309223711302387,1438,"No",0,0
"1439",688,0.589878986470467,1439,"Yes",1,1
"1440",689,0.332134591080172,1440,"No",0,0
"1441",340,0.567703610007512,1441,"No",0,1
"1442",690,0.744514336136083,1442,"Yes",1,1
"1443",691,0.838694581533855,1443,"Yes",1,1
"1444",1577,0.0258204630535232,1444,"No",0,0
"1445",341,0.574328141145637,1445,"Yes",1,1
"1446",342,0.21068352042829,1446,"No",0,0
"1447",1578,0.224131525153497,1447,"No",0,0
"1448",1579,0.252933450311895,1448,"Yes",1,0
"1449",1580,0.25426975916365,1449,"No",0,0
"1450",343,0.267618224373737,1450,"Yes",1,0
"1451",344,0.151918925057693,1451,"No",0,0
"1452",1581,0.136789811317838,1452,"No",0,0
"1453",1582,0.00966668512523232,1453,"No",0,0
"1454",1583,0.00674976556053003,1454,"No",0,0
"1455",1584,0.00681346695954852,1455,"No",0,0
"1456",692,0.853540386856392,1456,"Yes",1,1
"1457",345,0.52248149247925,1457,"No",0,1
"1458",1585,0.0876078696488842,1458,"No",0,0
"1459",1586,0.0311137041792986,1459,"Yes",1,0
"1460",346,0.766763582753274,1460,"No",0,1
"1461",1587,0.257373535236199,1461,"No",0,0
"1462",347,0.300655914949352,1462,"No",0,0
"1463",1588,0.402778331223962,1463,"Yes",1,0
"1464",1589,0.305610754178525,1464,"No",0,0
"1465",693,0.204049574075692,1465,"No",0,0
"1466",1590,0.0428211581165058,1466,"No",0,0
"1467",348,0.150326271280754,1467,"Yes",1,0
"1468",1591,0.141900838748924,1468,"No",0,0
"1469",349,0.185697040994841,1469,"Yes",1,0
"1470",694,0.558381558751537,1470,"Yes",1,1
"1471",1592,0.0124668457600026,1471,"No",0,0
"1472",350,0.348652845266137,1472,"No",0,0
"1473",1593,0.037307729950941,1473,"No",0,0
"1474",351,0.215792312864069,1474,"No",0,0
"1475",695,0.875703852717977,1475,"Yes",1,1
"1476",1594,0.0104775789734783,1476,"No",0,0
"1477",696,0.783212375136262,1477,"No",0,1
"1478",1595,0.270823447353996,1478,"No",0,0
"1479",1596,0.105976375142144,1479,"No",0,0
"1480",1597,0.443226781341205,1480,"Yes",1,0
"1481",1598,0.0973571414849567,1481,"No",0,0
"1482",352,0.0481736480586057,1482,"No",0,0
"1483",697,0.559959177351454,1483,"No",0,1
"1484",353,0.404850171404804,1484,"No",0,0
"1485",1599,0.145279199552728,1485,"No",0,0
"1486",1600,0.0711493815996737,1486,"Yes",1,0
"1487",1601,0.323662591901077,1487,"Yes",1,0
"1488",1602,0.0366743138086413,1488,"No",0,0
"1489",1603,0.0699262794897426,1489,"No",0,0
"1490",1604,0.060229691171889,1490,"No",0,0
"1491",1605,0.305708523673814,1491,"Yes",1,0
"1492",1606,0.0197058997819209,1492,"No",0,0
"1493",1607,0.0985469516750271,1493,"No",0,0
"1494",1608,0.125769750606938,1494,"No",0,0
"1495",1609,0.241229961120022,1495,"No",0,0
"1496",1610,0.00879505883972497,1496,"No",0,0
"1497",354,0.726125500318842,1497,"Yes",1,1
"1498",1611,0.00942600323389529,1498,"No",0,0
"1499",1612,0.169496315484298,1499,"No",0,0
"1500",355,0.434361555733101,1500,"Yes",1,0
"1501",356,0.282673173213394,1501,"No",0,0
"1502",1613,0.0147232958406216,1502,"No",0,0
"1503",357,0.543678808716817,1503,"Yes",1,1
"1504",1614,0.0419746682832058,1504,"No",0,0
"1505",358,0.128655715614333,1505,"No",0,0
"1506",1615,0.0856792601196617,1506,"No",0,0
"1507",1616,0.0266707304418761,1507,"No",0,0
"1508",359,0.0345799769386229,1508,"No",0,0
"1509",360,0.128281701221857,1509,"No",0,0
"1510",1617,0.183145632200412,1510,"Yes",1,0
"1511",361,0.390366404142613,1511,"Yes",1,0
"1512",362,0.267518525177077,1512,"No",0,0
"1513",363,0.209627729339234,1513,"No",0,0
"1514",364,0.0500092837715632,1514,"No",0,0
"1515",365,0.307097720036494,1515,"No",0,0
"1516",366,0.0855395649404933,1516,"No",0,0
"1517",1618,0.015059872674216,1517,"No",0,0
"1518",698,0.74770712890937,1518,"Yes",1,1
"1519",1619,0.0170011698682392,1519,"No",0,0
"1520",367,0.0962551997852694,1520,"Yes",1,0
"1521",1620,0.126079127320543,1521,"No",0,0
"1522",368,0.179823220089547,1522,"No",0,0
"1523",369,0.22348102878361,1523,"No",0,0
"1524",1621,0.12363835609313,1524,"Yes",1,0
"1525",1622,0.0235081965754546,1525,"No",0,0
"1526",1623,0.416389819267641,1526,"No",0,0
"1527",370,0.0966408975927318,1527,"No",0,0
"1528",699,0.63171750667207,1528,"No",0,1
"1529",1624,0.124591841931663,1529,"No",0,0
"1530",371,0.179115192843904,1530,"No",0,0
"1531",700,0.519851232737798,1531,"Yes",1,1
"1532",1625,0.261456098378182,1532,"No",0,0
"1533",372,0.109111619794881,1533,"No",0,0
"1534",1626,0.0180978130716342,1534,"No",0,0
"1535",1627,0.501367276919192,1535,"Yes",1,1
"1536",701,0.443149274426406,1536,"No",0,0
"1537",1628,0.277884556178326,1537,"Yes",1,0
"1538",373,0.26395031804178,1538,"No",0,0
"1539",1629,0.0113659523275154,1539,"No",0,0
"1540",1630,0.14358627357959,1540,"No",0,0
"1541",1631,0.0127340294592512,1541,"No",0,0
"1542",1632,0.0116723661582599,1542,"No",0,0
"1543",702,0.886916026904326,1543,"Yes",1,1
"1544",1633,0.0150289790825864,1544,"No",0,0
"1545",1634,0.217484601101312,1545,"No",0,0
"1546",1635,0.0268494814691795,1546,"No",0,0
"1547",1636,0.0727759096978071,1547,"No",0,0
"1548",1637,0.162183634278137,1548,"No",0,0
"1549",1638,0.140871496179624,1549,"No",0,0
"1550",1639,0.237653754689489,1550,"No",0,0
"1551",374,0.543913001021109,1551,"No",0,1
"1552",1640,0.333587062058787,1552,"Yes",1,0
"1553",1641,0.153829653762894,1553,"No",0,0
"1554",703,0.730779040314239,1554,"No",0,1
"1555",1642,0.218664660347801,1555,"Yes",1,0
"1556",1643,0.307939290867223,1556,"No",0,0
"1557",1644,0.0119349441626397,1557,"No",0,0
"1558",1645,0.011067611038677,1558,"No",0,0
"1559",1646,0.13264669647645,1559,"No",0,0
"1560",1647,0.542256608591505,1560,"Yes",1,1
"1561",1648,0.0925094322236924,1561,"No",0,0
"1562",1649,0.0346505485179318,1562,"No",0,0
"1563",1650,0.00980476017428994,1563,"No",0,0
"1564",1651,0.0892426405707562,1564,"No",0,0
"1565",1652,0.0193458504180193,1565,"No",0,0
"1566",1653,0.268765480519585,1566,"Yes",1,0
"1567",1654,0.17900669369995,1567,"No",0,0
"1568",375,0.416926131425818,1568,"No",0,0
"1569",376,0.380599830201315,1569,"Yes",1,0
"1570",704,0.437212853729414,1570,"No",0,0
"1571",377,0.330893907988059,1571,"No",0,0
"1572",1655,0.221915232455811,1572,"Yes",1,0
"1573",1656,0.246606678437693,1573,"No",0,0
"1574",1657,0.0931196360521383,1574,"No",0,0
"1575",1658,0.0159130026902308,1575,"No",0,0
"1576",378,0.218548757603566,1576,"No",0,0
"1577",705,0.830420682546882,1577,"Yes",1,1
"1578",1659,0.00914585246643694,1578,"No",0,0
"1579",379,0.267359055511229,1579,"No",0,0
"1580",380,0.0381497227834687,1580,"No",0,0
"1581",381,0.267698000705797,1581,"Yes",1,0
"1582",1660,0.00744305186445861,1582,"No",0,0
"1583",1661,0.121275049460603,1583,"No",0,0
"1584",1662,0.369825306238566,1584,"No",0,0
"1585",1663,0.238820442158469,1585,"Yes",1,0
"1586",1664,0.153743743580112,1586,"Yes",1,0
"1587",1665,0.0333450552237131,1587,"No",0,0
"1588",1666,0.267319538923111,1588,"Yes",1,0
"1589",1667,0.164789197843212,1589,"No",0,0
"1590",1668,0.26167677622874,1590,"Yes",1,0
"1591",1669,0.0105002472223643,1591,"No",0,0
"1592",382,0.0415711410282462,1592,"No",0,0
"1593",383,0.632442069993066,1593,"Yes",1,1
"1594",1670,0.0271866040457754,1594,"No",0,0
"1595",1671,0.192805349820994,1595,"No",0,0
"1596",1672,0.232918918779874,1596,"No",0,0
"1597",1673,0.11283416124202,1597,"No",0,0
"1598",1674,0.281516910848832,1598,"No",0,0
"1599",1675,0.00992549198953601,1599,"No",0,0
"1600",384,0.205373611320302,1600,"No",0,0
"1601",706,0.82170830782835,1601,"Yes",1,1
"1602",385,0.136438032347026,1602,"No",0,0
"1603",386,0.20520056570182,1603,"No",0,0
"1604",707,0.748725267236919,1604,"Yes",1,1
"1605",1676,0.0386654661873917,1605,"No",0,0
"1606",1677,0.175093759451411,1606,"No",0,0
"1607",1678,0.0606990223473692,1607,"No",0,0
"1608",387,0.736384168546579,1608,"Yes",1,1
"1609",1679,0.0240185979394481,1609,"No",0,0
"1610",388,0.50657109143935,1610,"Yes",1,1
"1611",1680,0.2211158878643,1611,"No",0,0
"1612",708,0.764197253407883,1612,"Yes",1,1
"1613",389,0.0413626401322433,1613,"No",0,0
"1614",1681,0.0602268562719304,1614,"No",0,0
"1615",709,0.773138649843658,1615,"Yes",1,1
"1616",390,0.0304703815961405,1616,"No",0,0
"1617",1682,0.60134900282295,1617,"No",0,1
"1618",710,0.528296337969249,1618,"Yes",1,1
"1619",1683,0.0122050069471587,1619,"No",0,0
"1620",1684,0.460527000043376,1620,"Yes",1,0
"1621",391,0.314545028216217,1621,"Yes",1,0
"1622",1685,0.134555314286861,1622,"No",0,0
"1623",711,0.666537935744146,1623,"Yes",1,1
"1624",1686,0.196508067415656,1624,"No",0,0
"1625",712,0.734721318634264,1625,"Yes",1,1
"1626",713,0.541831567260834,1626,"Yes",1,1
"1627",1687,0.0653608256775409,1627,"No",0,0
"1628",392,0.48294597005906,1628,"No",0,0
"1629",1688,0.0769226047460949,1629,"No",0,0
"1630",1689,0.0665901467386394,1630,"No",0,0
"1631",1690,0.0241905233886719,1631,"No",0,0
"1632",1691,0.118316636670666,1632,"No",0,0
"1633",393,0.0204851922484454,1633,"No",0,0
"1634",1692,0.0161990625751243,1634,"No",0,0
"1635",1693,0.279054794538008,1635,"No",0,0
"1636",1694,0.0323750652190565,1636,"No",0,0
"1637",714,0.67788914340189,1637,"Yes",1,1
"1638",1695,0.10566344138509,1638,"Yes",1,0
"1639",394,0.150863779568926,1639,"No",0,0
"1640",1696,0.0256386116807233,1640,"No",0,0
"1641",1697,0.333531639591411,1641,"Yes",1,0
"1642",395,0.0338002809746573,1642,"Yes",1,0
"1643",715,0.694314171583503,1643,"Yes",1,1
"1644",396,0.225304950210057,1644,"No",0,0
"1645",397,0.110768259175388,1645,"No",0,0
"1646",716,0.773503375546459,1646,"Yes",1,1
"1647",717,0.67270898931583,1647,"Yes",1,1
"1648",718,0.516284097711682,1648,"No",0,1
"1649",1698,0.0596797917399912,1649,"Yes",1,0
"1650",1699,0.152193913923546,1650,"No",0,0
"1651",1700,0.0917299979713694,1651,"No",0,0
"1652",398,0.253878268349429,1652,"Yes",1,0
"1653",1701,0.290560762092397,1653,"No",0,0
"1654",399,0.0291875310828299,1654,"No",0,0
"1655",719,0.796412749949374,1655,"Yes",1,1
"1656",1702,0.0130519157553515,1656,"No",0,0
"1657",1703,0.0149652820160405,1657,"No",0,0
"1658",1704,0.0158800977144247,1658,"No",0,0
"1659",1705,0.0193321497257309,1659,"No",0,0
"1660",1706,0.0477466561303909,1660,"No",0,0
"1661",1707,0.419524266043043,1661,"No",0,0
"1662",1708,0.19217969418969,1662,"No",0,0
"1663",720,0.696565576941473,1663,"Yes",1,1
"1664",400,0.162080849145872,1664,"No",0,0
"1665",1709,0.245464120855678,1665,"No",0,0
"1666",1710,0.154664826670421,1666,"Yes",1,0
"1667",721,0.754967218053044,1667,"Yes",1,1
"1668",1711,0.0515580729343877,1668,"No",0,0
"1669",1712,0.101526516807731,1669,"No",0,0
"1670",1713,0.0100664331156593,1670,"No",0,0
"1671",722,0.39266380139625,1671,"No",0,0
"1672",401,0.760607413620025,1672,"Yes",1,1
"1673",1714,0.0139873124005127,1673,"No",0,0
"1674",1715,0.260374598857457,1674,"No",0,0
"1675",1716,0.37965834418986,1675,"No",0,0
"1676",723,0.773868897948416,1676,"No",0,1
"1677",1717,0.0581163305895044,1677,"No",0,0
"1678",724,0.624212134144338,1678,"Yes",1,1
"1679",402,0.539317870994868,1679,"No",0,1
"1680",1718,0.0426873846548926,1680,"No",0,0
"1681",1719,0.40764279767385,1681,"No",0,0
"1682",403,0.267678055208366,1682,"No",0,0
"1683",404,0.611058349779552,1683,"No",0,1
"1684",405,0.223647647537352,1684,"No",0,0
"1685",406,0.131622015487285,1685,"Yes",1,0
"1686",1720,0.225008145925764,1686,"No",0,0
"1687",1721,0.0337055966038777,1687,"No",0,0
"1688",407,0.410990482004918,1688,"Yes",1,0
"1689",725,0.748725267236919,1689,"Yes",1,1
"1690",408,0.0264826838081967,1690,"No",0,0
"1691",1722,0.0254454209437592,1691,"No",0,0
"1692",1723,0.129190328500511,1692,"No",0,0
"1693",409,0.0392434689205414,1693,"No",0,0
"1694",410,0.109360345834246,1694,"Yes",1,0
"1695",1724,0.311494779175462,1695,"No",0,0
"1696",1725,0.0190471012260557,1696,"Yes",1,0
"1697",1726,0.161332782242767,1697,"No",0,0
"1698",411,0.225285218797345,1698,"Yes",1,0
"1699",1727,0.375904548692567,1699,"No",0,0
"1700",1728,0.171603924325616,1700,"No",0,0
"1701",726,0.544751227240369,1701,"No",0,1
"1702",1729,0.0698182248982269,1702,"No",0,0
"1703",1730,0.23054473197471,1703,"No",0,0
"1704",1731,0.00766494442788869,1704,"No",0,0
"1705",412,0.316572723697245,1705,"No",0,0
"1706",1732,0.0358965210748962,1706,"No",0,0
"1707",1733,0.0120369264129229,1707,"No",0,0
"1708",413,0.31300263945788,1708,"No",0,0
"1709",414,0.376898907110595,1709,"No",0,0
"1710",415,0.23055697678409,1710,"No",0,0
"1711",416,0.0593369043697285,1711,"No",0,0
"1712",1734,0.316145648364189,1712,"No",0,0
"1713",727,0.8370461414217,1713,"Yes",1,1
"1714",1735,0.0383145669192479,1714,"No",0,0
"1715",417,0.134324185133045,1715,"No",0,0
"1716",1736,0.124768331989959,1716,"No",0,0
"1717",1737,0.00639440356356134,1717,"No",0,0
"1718",728,0.614976367715818,1718,"Yes",1,1
"1719",729,0.776258018804511,1719,"No",0,1
"1720",730,0.174635669886337,1720,"No",0,0
"1721",418,0.504433345552143,1721,"Yes",1,1
"1722",1738,0.355601353960072,1722,"No",0,0
"1723",731,0.733842282062294,1723,"No",0,1
"1724",1739,0.516041931793018,1724,"Yes",1,1
"1725",1740,0.210229029743358,1725,"No",0,0
"1726",1741,0.0132962075383389,1726,"No",0,0
"1727",1742,0.0194660867326624,1727,"No",0,0
"1728",732,0.700057699403025,1728,"Yes",1,1
"1729",419,0.0220625356670578,1729,"No",0,0
"1730",1743,0.0396893562116686,1730,"No",0,0
"1731",1744,0.103827866258648,1731,"No",0,0
"1732",1745,0.0138076625348076,1732,"No",0,0
"1733",1746,0.100908130813908,1733,"No",0,0
"1734",1747,0.0174292603025133,1734,"No",0,0
"1735",420,0.10696545433999,1735,"No",0,0
"1736",1748,0.115120755191568,1736,"No",0,0
"1737",1749,0.671620262730108,1737,"Yes",1,1
"1738",421,0.267737894529271,1738,"Yes",1,0
"1739",1750,0.0375443924466529,1739,"No",0,0
"1740",422,0.604983984155438,1740,"No",0,1
"1741",423,0.459740283404106,1741,"Yes",1,0
"1742",1751,0.187812268475532,1742,"No",0,0
"1743",1752,0.0699406264083247,1743,"No",0,0
"1744",424,0.101420693459495,1744,"No",0,0
"1745",1753,0.407932280994587,1745,"No",0,0
"1746",733,0.786619186306851,1746,"Yes",1,1
"1747",1754,0.157333590877635,1747,"No",0,0
"1748",1755,0.474556842400644,1748,"Yes",1,0
"1749",1756,0.0198272734435379,1749,"No",0,0
"1750",1757,0.028126428125598,1750,"No",0,0
"1751",734,0.612801473815216,1751,"No",0,1
"1752",1758,0.0696060670523933,1752,"No",0,0
"1753",735,0.797676279382158,1753,"Yes",1,1
"1754",736,0.826921354370612,1754,"Yes",1,1
"1755",1759,0.325983866679438,1755,"No",0,0
"1756",425,0.342858058541237,1756,"No",0,0
"1757",1760,0.365991875878436,1757,"No",0,0
"1758",737,0.596236904691464,1758,"No",0,1
"1759",1761,0.0312558102906096,1759,"No",0,0
"1760",738,0.451771901963047,1760,"No",0,0
"1761",426,0.327618738943414,1761,"No",0,0
