"","ChurnBool","probability"
"1",1,0.241827590934551
"2",0,0.0463368755016623
"3",0,0.445270657485873
"4",0,0.244031107456492
"5",0,0.0219672650899698
"6",0,0.182255108907505
"7",0,0.0368137941649335
"8",1,0.319046186252721
"9",0,0.318374973514195
"10",1,0.112582836641838
"11",0,0.0226721726126732
"12",0,0.0364342818853778
"13",1,0.431734936459104
"14",0,0.0236579034491654
"15",0,0.0344958745520151
"16",1,0.623717864629052
"17",1,0.517891514158896
"18",1,0.84597196265125
"19",0,0.0207075453921227
"20",0,0.337943056209803
"21",0,0.274946320952689
"22",1,0.790458264830883
"23",0,0.00871020015376072
"24",0,0.121123855323291
"25",0,0.264741633655298
"26",0,0.0366833164331417
"27",0,0.480480266285343
"28",0,0.11016526179842
"29",0,0.0109869211207718
"30",0,0.107340072395675
"31",0,0.0166894305515259
"32",0,0.241831356986788
"33",0,0.0202749970378021
"34",0,0.774259761758888
"35",0,0.194650206900062
"36",0,0.02406443013111
"37",0,0.0131773549334193
"38",0,0.0146695191679633
"39",0,0.119941915828586
"40",0,0.487398058479289
"41",1,0.290987741716172
"42",0,0.117194158825813
"43",0,0.0084189243673586
"44",0,0.0749739586888103
"45",1,0.630144849978207
"46",0,0.56510042694343
"47",0,0.00954487045004631
"48",0,0.098554933415702
"49",0,0.0265672502285399
"50",1,0.250117882440369
"51",0,0.0267957141364271
"52",0,0.0370363691347357
"53",1,0.605111792440066
"54",0,0.0551593899427484
"55",0,0.471796904447989
"56",0,0.0457808567835997
"57",0,0.0800175240274628
"58",0,0.035071000888176
"59",0,0.377352275578995
"60",0,0.168548973831726
"61",1,0.690014960432126
"62",0,0.117966267738765
"63",0,0.664943958569457
"64",0,0.0512639539895604
"65",0,0.0346657121902869
"66",1,0.690222024672081
"67",0,0.0089180215325104
"68",0,0.0502530590453908
"69",0,0.35894705408577
"70",1,0.378838032500363
"71",1,0.729909854040057
"72",0,0.043490109070258
"73",0,0.493473821687359
"74",0,0.0840077735497899
"75",1,0.368331720443276
"76",0,0.267917879796621
"77",0,0.0623576476003589
"78",0,0.167707067276588
"79",0,0.411763268786909
"80",1,0.588865575552796
"81",0,0.269697305889897
"82",1,0.468343429196186
"83",0,0.181837657847582
"84",0,0.0745948576044753
"85",0,0.0494060299211826
"86",0,0.332954525664578
"87",0,0.14269451529757
"88",0,0.277986421635171
"89",0,0.0716256689260789
"90",0,0.0749714605594844
"91",0,0.404900149927699
"92",0,0.102699118767188
"93",0,0.487564665944644
"94",1,0.671537118819035
"95",0,0.25994624950674
"96",0,0.0221141671773326
"97",0,0.605543096813844
"98",0,0.1225880441017
"99",0,0.111422895648633
"100",0,0.281588120588375
"101",0,0.537259226908712
"102",0,0.578896097868681
"103",0,0.300371837540697
"104",0,0.311167370991858
"105",0,0.0637172006068175
"106",0,0.00854284531660075
"107",1,0.69495107769984
"108",0,0.0246092786759814
"109",0,0.32009159027734
"110",0,0.0178167588947209
"111",0,0.145035669233495
"112",0,0.472382369013489
"113",0,0.0144299877679801
"114",1,0.319879608087377
"115",0,0.0238873537492768
"116",0,0.26761383068914
"117",1,0.320207540526191
"118",0,0.0639692939906432
"119",0,0.340591297553293
"120",1,0.397971702255887
"121",0,0.0139496319331088
"122",0,0.163596562059142
"123",1,0.809288917482217
"124",0,0.179673809603086
"125",1,0.727877623678964
"126",0,0.0421203125584102
"127",1,0.679914764377833
"128",0,0.0820411983118268
"129",0,0.267698000705797
"130",0,0.059523257192569
"131",1,0.552110907495961
"132",0,0.18506755103125
"133",1,0.702362215711428
"134",0,0.221208378305121
"135",0,0.144679939247917
"136",1,0.212168013915438
"137",1,0.345633630798198
"138",1,0.348172426503203
"139",0,0.0203122848437253
"140",0,0.210842346251567
"141",0,0.755004320550576
"142",0,0.709903758289688
"143",0,0.0549771513137464
"144",0,0.0370545672492536
"145",1,0.166546503803291
"146",0,0.195230831137153
"147",0,0.0676423224730485
"148",0,0.032449556015132
"149",0,0.030408393779602
"150",0,0.228310139815242
"151",0,0.00961690367559108
"152",0,0.00895291706065848
"153",0,0.0527824514548589
"154",0,0.349579553747867
"155",1,0.589917244858907
"156",0,0.324728554799905
"157",0,0.0744137458961045
"158",0,0.0190109481832422
"159",0,0.0274595766518545
"160",0,0.442728399147804
"161",1,0.197685688477547
"162",0,0.286556929673604
"163",0,0.141904074723351
"164",0,0.211329322844739
"165",0,0.183115460717338
"166",0,0.149469997341318
"167",0,0.121835298633189
"168",0,0.051456908689892
"169",0,0.068744267268621
"170",0,0.0656744072336061
"171",1,0.646756896008762
"172",0,0.295036063018534
"173",0,0.0582832225237156
"174",1,0.822632291694704
"175",0,0.766787043411681
"176",0,0.639081036291277
"177",0,0.0211960140108892
"178",0,0.0379748573450174
"179",1,0.545503924022865
"180",0,0.410254078490821
"181",0,0.3471774123014
"182",0,0.244217384922281
"183",0,0.057175038187687
"184",0,0.00694604829576906
"185",1,0.642561261465237
"186",0,0.259955968837438
"187",0,0.745379866409869
"188",1,0.182101868993738
"189",0,0.0531901956218573
"190",0,0.164513487242318
"191",0,0.266970800710462
"192",0,0.153924388064202
"193",0,0.12254113676201
"194",1,0.438379772433327
"195",0,0.510869183614809
"196",0,0.218104182199758
"197",0,0.0484252313880393
"198",1,0.461818831667487
"199",0,0.125082496305329
"200",1,0.486932155039172
"201",0,0.163422992837692
"202",1,0.806543061009344
"203",0,0.0423185259237146
"204",1,0.259096459568666
"205",0,0.0294524986972824
"206",0,0.0943093121638761
"207",0,0.24630530764714
"208",0,0.133928468520298
"209",0,0.397956465160564
"210",1,0.51998028093513
"211",0,0.0157688678813928
"212",0,0.00832178746032159
"213",0,0.0322228786479649
"214",0,0.253597318594693
"215",0,0.0250267982469034
"216",1,0.600274416608348
"217",0,0.276655707605324
"218",1,0.228647544968919
"219",0,0.57079397270261
"220",0,0.27105629873074
"221",1,0.249621936302384
"222",0,0.0961517846567583
"223",0,0.240558319136314
"224",1,0.804880143682583
"225",0,0.0123569299896892
"226",0,0.00654631863329183
"227",0,0.137424083025156
"228",0,0.0687869840599756
"229",0,0.0254629681395951
"230",0,0.390007772185134
"231",0,0.0412466529793386
"232",0,0.215516755074798
"233",0,0.242039717510546
"234",1,0.579015049753174
"235",0,0.0401828708874472
"236",1,0.568552399184039
"237",1,0.526472140149589
"238",0,0.224418235555582
"239",1,0.801179758760747
"240",0,0.0325786609817819
"241",0,0.0442949429863783
"242",1,0.694314171583503
"243",0,0.0345500039963524
"244",0,0.0795063779476659
"245",0,0.0114104410997546
"246",0,0.0569304447574867
"247",1,0.179273167392227
"248",1,0.64485586946497
"249",0,0.375908717738379
"250",0,0.0459976984073494
"251",0,0.0141454020097736
"252",0,0.0505904869703643
"253",0,0.051227096472313
"254",0,0.361544574878385
"255",0,0.0121558208017076
"256",0,0.515360340016555
"257",0,0.273126551303471
"258",1,0.281169006990717
"259",0,0.0509858269668915
"260",1,0.623326970353053
"261",0,0.239051129777527
"262",0,0.24917160565822
"263",0,0.019162805697996
"264",0,0.129255078533397
"265",0,0.0108052578796518
"266",0,0.581940804505779
"267",0,0.109078363237484
"268",0,0.126710791075475
"269",0,0.309403555952988
"270",1,0.318471799799587
"271",0,0.233568514933981
"272",1,0.695780299290481
"273",0,0.0354681662466863
"274",0,0.480917107391646
"275",0,0.0650309692202159
"276",0,0.21589228934623
"277",0,0.377368786688689
"278",0,0.254745028649473
"279",0,0.00670922266204597
"280",0,0.0868143533197658
"281",0,0.617223413893022
"282",1,0.770688851420177
"283",0,0.615673658521272
"284",1,0.65285111729613
"285",0,0.320277884701833
"286",0,0.0187359782425503
"287",1,0.778824814605944
"288",1,0.350654373503861
"289",1,0.439148151536456
"290",0,0.578038934103494
"291",1,0.819567499683737
"292",0,0.416492498869103
"293",0,0.0269347461540656
"294",0,0.207733766429793
"295",0,0.415726055660056
"296",0,0.0452211588379648
"297",0,0.405590606946012
"298",1,0.786653674141167
"299",0,0.170067117063237
"300",0,0.0633933543184082
"301",0,0.175721638659518
"302",0,0.199314962768853
"303",1,0.739046166880978
"304",1,0.74203924304989
"305",0,0.218594946480676
"306",0,0.133166493778099
"307",0,0.334306175033587
"308",0,0.3205437457071
"309",1,0.732199984858934
"310",0,0.0156662961002689
"311",0,0.0193920991029043
"312",1,0.248559103224114
"313",0,0.0729531268289111
"314",0,0.00720508773402562
"315",0,0.143316707911699
"316",0,0.11993618503722
"317",0,0.125022284695188
"318",0,0.0295130680371636
"319",0,0.577067033204247
"320",0,0.00974829953449119
"321",0,0.105758793221417
"322",0,0.332671495627834
"323",1,0.39485574164471
"324",0,0.0125009815751143
"325",0,0.0423556541373422
"326",1,0.631667793586565
"327",1,0.630613712613696
"328",1,0.568606840952824
"329",0,0.180468617975437
"330",0,0.717896022461858
"331",1,0.555120798208013
"332",0,0.0275262731876491
"333",0,0.134172383705313
"334",0,0.0676709297662283
"335",0,0.70621318609299
"336",1,0.716676119214618
"337",0,0.539713687935509
"338",0,0.26747865210063
"339",0,0.0457770368857876
"340",0,0.0200927827433613
"341",1,0.356235491152991
"342",0,0.012922512359705
"343",0,0.567855252980365
"344",0,0.0164570439756455
"345",0,0.0346310505850493
"346",0,0.00625718419359968
"347",1,0.493299888606679
"348",0,0.393940718277358
"349",0,0.0163434213468507
"350",0,0.80196302566436
"351",1,0.602510251957408
"352",0,0.0306540060884081
"353",0,0.212039795406275
"354",0,0.0245696686657155
"355",0,0.105123232272235
"356",0,0.127464967759106
"357",0,0.0787450787276211
"358",1,0.685149960637513
"359",0,0.154842230171055
"360",0,0.0470957992356862
"361",0,0.165169264089671
"362",0,0.191487272508462
"363",0,0.0320856956270889
"364",1,0.321031460117712
"365",0,0.288142573431094
"366",1,0.687885573892893
"367",0,0.0270466582484746
"368",1,0.587805655248046
"369",0,0.264450829917055
"370",0,0.702354498139155
"371",0,0.0260871868114949
"372",0,0.288216531789126
"373",1,0.575714340455582
"374",0,0.0827453897028144
"375",0,0.383281904925011
"376",0,0.275787319109712
"377",0,0.0797255525895593
"378",0,0.0729927637632164
"379",0,0.421857245496552
"380",0,0.0805120619556676
"381",0,0.0115368749109382
"382",0,0.393102983709455
"383",1,0.380269152443798
"384",0,0.0128158734878698
"385",1,0.826576379413735
"386",0,0.119452683706146
"387",1,0.435726941889697
"388",0,0.14172403250364
"389",0,0.72934990975871
"390",0,0.456080386432967
"391",0,0.0111039137806516
"392",0,0.155724018452734
"393",1,0.692240147820828
"394",0,0.0841663368899468
"395",1,0.56862727309321
"396",0,0.112556820130875
"397",0,0.0373967572319856
"398",0,0.169535873487431
"399",0,0.247218779882448
"400",0,0.0409634263255939
"401",0,0.330400120366144
"402",0,0.221266163254399
"403",0,0.267558402026365
"404",1,0.205565469010228
"405",0,0.0298315003480348
"406",1,0.575901077943678
"407",0,0.131863560122893
"408",0,0.054184790504462
"409",0,0.607619231980421
"410",0,0.0098530328923225
"411",0,0.0354800776721376
"412",0,0.163291503408897
"413",0,0.00889238786136044
"414",1,0.622860569808871
"415",1,0.861223944029986
"416",0,0.357170243996055
"417",1,0.450003101500773
"418",0,0.0202268698499933
"419",0,0.0149500676141043
"420",0,0.341489523404393
"421",0,0.428327636645513
"422",1,0.30645854844911
"423",0,0.0798762478755195
"424",0,0.0253710038205254
"425",1,0.382095078006644
"426",1,0.777084040626663
"427",1,0.125459837972567
"428",0,0.728686220317661
"429",1,0.713242829838847
"430",0,0.0153776085701131
"431",1,0.1051883830724
"432",0,0.00701158905048972
"433",1,0.770383024129885
"434",1,0.821848317958995
"435",0,0.297706777960076
"436",0,0.0233645811458335
"437",0,0.0175857427604213
"438",0,0.174319764470217
"439",1,0.636853728258138
"440",1,0.744984498676549
"441",1,0.267339126048367
"442",1,0.694314171583503
"443",0,0.273381856657556
"444",0,0.0725116966191146
"445",0,0.00874175543288722
"446",0,0.0143926082118511
"447",0,0.181366296691554
"448",0,0.0823631117016282
"449",0,0.0284692577220175
"450",1,0.471608458956401
"451",1,0.648188352835041
"452",0,0.00545959041153578
"453",0,0.0239921339088529
"454",1,0.804994748651167
"455",1,0.556509138118075
"456",0,0.0332154602143037
"457",0,0.273127039857659
"458",0,0.498782656520979
"459",0,0.267219569086715
"460",0,0.251131637798653
"461",0,0.106224839830103
"462",1,0.302151108588105
"463",0,0.00568188157585927
"464",0,0.102291035983925
"465",0,0.00921231249615472
"466",0,0.00665288097732593
"467",0,0.158607352456677
"468",0,0.0994325747168282
"469",0,0.0603472218547727
"470",0,0.0781738094364001
"471",0,0.225286263061559
"472",0,0.100007418999611
"473",0,0.268688941316565
"474",1,0.597502505942136
"475",0,0.161203240630589
"476",0,0.0175249896617591
"477",0,0.348523362936737
"478",1,0.227846865322448
"479",0,0.0671623203139222
"480",0,0.0328832402625287
"481",0,0.267897507532666
"482",0,0.377735590588864
"483",0,0.0205219282266386
"484",0,0.442827500495054
"485",1,0.428025164252388
"486",1,0.244048676346424
"487",0,0.551095991255159
"488",0,0.0378725658958456
"489",1,0.0168041494365785
"490",1,0.620140802832428
"491",0,0.635734907157834
"492",0,0.0384161539754349
"493",0,0.0167710251299767
"494",0,0.0721880556797202
"495",1,0.644573394550614
"496",1,0.154408346932229
"497",0,0.0671477761023218
"498",0,0.0105386446695887
"499",0,0.100216401065127
"500",0,0.0164456991240156
"501",1,0.717177745768602
"502",0,0.0334825110143265
"503",0,0.0173804755733983
"504",1,0.56835272011573
"505",1,0.218987950750587
"506",0,0.429753513739862
"507",1,0.511372463626365
"508",1,0.349558816588413
"509",0,0.0221060321191421
"510",0,0.0836109245970596
"511",0,0.00707093757659398
"512",1,0.205944510678592
"513",0,0.0410851924926704
"514",0,0.430879904024393
"515",0,0.174601813918659
"516",0,0.0519520819009171
"517",0,0.0740043802683697
"518",1,0.320477269526305
"519",1,0.19002157186844
"520",0,0.492321937884662
"521",1,0.718185241074501
"522",0,0.0287399938609154
"523",0,0.187357130904714
"524",0,0.132211745590449
"525",0,0.436689008252026
"526",0,0.220416658809695
"527",0,0.448304953317725
"528",1,0.153352815685883
"529",0,0.0293311882839906
"530",1,0.735954524079226
"531",0,0.0285205092884981
"532",1,0.483539560674682
"533",1,0.715784080225774
"534",0,0.321793916632213
"535",0,0.0369384890479516
"536",0,0.0171958185992048
"537",1,0.73279514453488
"538",1,0.5970222285472
"539",1,0.751747914479211
"540",0,0.0905927207976393
"541",0,0.640382244911493
"542",1,0.31779774869664
"543",0,0.0119707004127168
"544",0,0.166043720851716
"545",0,0.296294616938958
"546",0,0.125674343814757
"547",0,0.0558530184673418
"548",0,0.0404752924199515
"549",0,0.566940011789632
"550",1,0.265353213315453
"551",1,0.914485908533279
"552",0,0.247448678615911
"553",1,0.522729113195855
"554",0,0.0161148056585263
"555",0,0.0316506756825233
"556",0,0.530100707251053
"557",0,0.0146712794724652
"558",0,0.0502688861620771
"559",0,0.0787368954319355
"560",0,0.0194531448312115
"561",0,0.0992192488706802
"562",0,0.0177656201518868
"563",0,0.0254650182220023
"564",1,0.79412134578235
"565",1,0.6175916047658
"566",0,0.0242203887501307
"567",1,0.789955541231288
"568",0,0.309762571304648
"569",0,0.818843979982234
"570",0,0.0240717473882332
"571",1,0.720617185504988
"572",0,0.657520852550312
"573",0,0.0389042083515894
"574",0,0.0245247200030013
"575",0,0.166642672155934
"576",0,0.710378352327083
"577",0,0.0918373327667618
"578",0,0.158652734316407
"579",0,0.02244560476599
"580",0,0.249095504912863
"581",0,0.0866142310732616
"582",0,0.148294062310712
"583",0,0.0563815450897189
"584",0,0.0512240063593981
"585",0,0.0175330979737554
"586",0,0.614883751046352
"587",0,0.356254055751678
"588",0,0.0808492879442319
"589",0,0.250016629826942
"590",0,0.0416312164531681
"591",0,0.838909532493187
"592",0,0.0213925345318067
"593",0,0.173623800614117
"594",0,0.739224663508786
"595",0,0.00665288977715356
"596",1,0.442904126683643
"597",0,0.0477093693619726
"598",0,0.442082248426866
"599",0,0.016383619481167
"600",1,0.484354880183638
"601",0,0.0467539530302018
"602",0,0.76113094292832
"603",0,0.634780470353274
"604",1,0.286557354673857
"605",0,0.125951236717691
"606",0,0.360423862828212
"607",0,0.0247721331347248
"608",0,0.164966130559725
"609",0,0.0420575743854429
"610",0,0.0926984530008157
"611",1,0.21892106284616
"612",0,0.0542455313066106
"613",0,0.140384887922745
"614",0,0.330836327035667
"615",0,0.0213346946409252
"616",0,0.70248954309822
"617",1,0.770525573690017
"618",1,0.57381091191696
"619",0,0.261690824311019
"620",0,0.138168910071903
"621",0,0.0303327113122623
"622",0,0.681351575390397
"623",0,0.0725574069420796
"624",1,0.289109993839664
"625",0,0.777730841997787
"626",0,0.0306411847313036
"627",0,0.165879583168043
"628",0,0.0518914035206001
"629",0,0.0430815605763293
"630",0,0.0235547572507958
"631",1,0.636459872398268
"632",0,0.0106461789378147
"633",0,0.00485658328506309
"634",0,0.0510003560966939
"635",1,0.798562286042492
"636",1,0.704234522806647
"637",0,0.00985375787265204
"638",0,0.0581342785450319
"639",0,0.0069948123967687
"640",0,0.0460564779775407
"641",0,0.107369564799973
"642",0,0.0171748879727304
"643",0,0.101929014361632
"644",0,0.0254778771079682
"645",1,0.173316479417233
"646",0,0.0910937485511808
"647",1,0.26913352122015
"648",1,0.532582294238498
"649",1,0.913064826605134
"650",0,0.0196287962184441
"651",0,0.39190044878569
"652",0,0.145677788867009
"653",0,0.0554643165997646
"654",0,0.650410290329363
"655",0,0.0640796698385876
"656",0,0.447347590012898
"657",1,0.305164569295349
"658",1,0.311611431687548
"659",1,0.0757430070707794
"660",1,0.517381398256317
"661",0,0.104926677046253
"662",1,0.782371066534862
"663",1,0.0547016751523448
"664",0,0.289403822648042
"665",0,0.18822888738409
"666",0,0.151945108193778
"667",1,0.567855252980365
"668",0,0.111443684670216
"669",1,0.144337648270271
"670",0,0.565084958059426
"671",1,0.601562594394882
"672",0,0.0151535163816826
"673",0,0.075365002610017
"674",0,0.0409507737670038
"675",0,0.333874717044919
"676",0,0.0629466390654853
"677",0,0.213285752750507
"678",0,0.016817996302307
"679",1,0.745273720432969
"680",0,0.0143708157914988
"681",0,0.00758318199228615
"682",0,0.0688054988556444
"683",0,0.030196704386352
"684",0,0.0246407392957274
"685",0,0.00670759762524249
"686",0,0.50590984183387
"687",1,0.570747384553571
"688",1,0.744645665981755
"689",0,0.0292024006810014
"690",0,0.0394907416932212
"691",0,0.00768797467185633
"692",0,0.0265596381262821
"693",0,0.12154813027313
"694",0,0.136691919217812
"695",0,0.0994856537336627
"696",0,0.271464791724081
"697",0,0.310624274486981
"698",0,0.0476666186355406
"699",1,0.837099155687833
"700",1,0.735175124700675
"701",1,0.866832995055517
"702",0,0.264950720290295
"703",0,0.0429663908779062
"704",1,0.0516822719592191
"705",1,0.714351268718816
"706",0,0.518772589556764
"707",0,0.0723185747413956
"708",1,0.263629227750071
"709",1,0.712839553768611
"710",1,0.14827621733462
"711",0,0.0414908281891988
"712",1,0.721812606539392
"713",0,0.0277137354350985
"714",0,0.011592314428754
"715",1,0.670140503944377
"716",1,0.267737894529271
"717",0,0.0232207399163984
"718",0,0.271918137270555
"719",0,0.012106322508868
"720",1,0.865371728106478
"721",0,0.0298869407098191
"722",0,0.0296030647460135
"723",0,0.0162850092124099
"724",0,0.236897246717851
"725",1,0.640699114676886
"726",1,0.547372381025435
"727",0,0.579028312143153
"728",0,0.00849835500951434
"729",0,0.0283645806860645
"730",1,0.0207384528339053
"731",1,0.748259670918302
"732",0,0.144631944120842
"733",0,0.0374692066449833
"734",0,0.0668356143606596
"735",1,0.805415355690836
"736",0,0.132016451609324
"737",0,0.163228236897331
"738",0,0.148453047924832
"739",0,0.345564630543066
"740",1,0.617311627090012
"741",1,0.330716483866806
"742",0,0.148855495304916
"743",0,0.0698815053307107
"744",0,0.264665204156311
"745",0,0.0216006379939427
"746",0,0.036654969326822
"747",1,0.0762127110597737
"748",0,0.188260075362573
"749",0,0.126097537812958
"750",0,0.00888277861092994
"751",1,0.670327644181545
"752",0,0.158652355350667
"753",0,0.0420759612001473
"754",0,0.332714606430744
"755",0,0.463851906445201
"756",1,0.85424072287718
"757",0,0.0319827090599914
"758",0,0.0118987021303087
"759",1,0.684046549315999
"760",0,0.376255336079629
"761",0,0.0581560250099398
"762",0,0.517562469557026
"763",0,0.0679664614219976
"764",0,0.246311012496457
"765",0,0.1356267792156
"766",0,0.160333096359575
"767",0,0.0187761354303872
"768",0,0.0837263130203943
"769",1,0.491543157532576
"770",0,0.0106099692960744
"771",1,0.420150490544653
"772",0,0.0222768801198629
"773",0,0.0546611574218548
"774",0,0.214562862232626
"775",0,0.340447536805712
"776",1,0.267458716977312
"777",0,0.166188516490403
"778",0,0.268849138636838
"779",0,0.18495879962754
"780",1,0.329923410089139
"781",0,0.028858478297831
"782",0,0.022302469558126
"783",0,0.0474895975155304
"784",0,0.0346553928860027
"785",0,0.169685632331632
"786",0,0.225464822443074
"787",0,0.0278927650164699
"788",1,0.750284508058392
"789",0,0.34446500980256
"790",0,0.0150126438041907
"791",0,0.176298977789926
"792",0,0.396331937688157
"793",0,0.0724755048210659
"794",1,0.915964878474485
"795",0,0.0140649868824038
"796",1,0.376566127728592
"797",0,0.351270252940888
"798",0,0.374785760549341
"799",1,0.488720091626967
"800",0,0.431513868641849
"801",0,0.296423577136833
"802",0,0.0523984177331448
"803",0,0.131003341069038
"804",0,0.217078752707479
"805",0,0.436962705887934
"806",0,0.0173419879024961
"807",0,0.0676470895071901
"808",1,0.332909407342562
"809",0,0.00565453913867333
"810",0,0.1363165750568
"811",0,0.00928658907945658
"812",1,0.305317142580999
"813",0,0.362466324623289
"814",0,0.434801196249234
"815",1,0.633431188976483
"816",0,0.0646700320968552
"817",0,0.0501593831421301
"818",0,0.381784176869084
"819",0,0.0122886239861937
"820",0,0.205568409429586
"821",0,0.0938869509273814
"822",1,0.523761501252092
"823",0,0.233853740462784
"824",0,0.0282728212733402
"825",0,0.210240910749713
"826",0,0.254143294779784
"827",0,0.178143804538301
"828",1,0.806960895151004
"829",0,0.177495248752545
"830",1,0.422565074463627
"831",1,0.844510939894141
"832",0,0.145462469353174
"833",1,0.835034092550563
"834",0,0.0546531016370606
"835",1,0.597717842337008
"836",0,0.318616356038771
"837",0,0.492024994198731
"838",0,0.00580514297470932
"839",1,0.889935135424362
"840",0,0.054455910240684
"841",0,0.00556597468488463
"842",0,0.0443149311648577
"843",0,0.157591516205524
"844",0,0.0843596611370603
"845",0,0.133918345827794
"846",0,0.0425897884138197
"847",0,0.0321929057012421
"848",0,0.0164952151924671
"849",0,0.0768867913903229
"850",0,0.0498037793247681
"851",0,0.36573705150114
"852",0,0.0804371906223559
"853",0,0.0100658794878592
"854",0,0.119806533932008
"855",0,0.0920871392485959
"856",1,0.674593743562657
"857",0,0.0180504119766136
"858",0,0.0563285395222768
"859",0,0.243563772856558
"860",1,0.829673444670085
"861",0,0.0326470705944663
"862",1,0.503914152275417
"863",0,0.215568560870791
"864",0,0.0286147195470253
"865",0,0.00705900902324816
"866",0,0.474319204476318
"867",0,0.306582200763957
"868",0,0.0847030352138487
"869",0,0.00638048120710159
"870",0,0.0179316165914354
"871",0,0.1143095601633
"872",1,0.0856181134001395
"873",0,0.267319197529041
"874",0,0.0588555791529239
"875",0,0.334880962108015
"876",0,0.0150940719208897
"877",0,0.0824591454643381
"878",0,0.11840199104575
"879",0,0.432478485121075
"880",0,0.05541127158641
"881",0,0.369271559449384
"882",0,0.331061588804436
"883",1,0.481326236831954
"884",0,0.377400829485783
"885",0,0.231234818401252
"886",0,0.012231209277595
"887",1,0.772960278162087
"888",0,0.225614403485503
"889",1,0.192588490873158
"890",0,0.658024739196225
"891",0,0.0333373170701013
"892",1,0.246511359177084
"893",0,0.0214195485685751
"894",0,0.151996660241814
"895",0,0.435296224725578
"896",0,0.0399427412458392
"897",0,0.0137342666888212
"898",0,0.259143732781193
"899",0,0.0750412576989205
"900",0,0.729171114965295
"901",0,0.0629585219945023
"902",1,0.248886155908199
"903",0,0.621900267596882
"904",0,0.565050030267221
"905",0,0.00571423323769816
"906",0,0.0188252591984644
"907",1,0.787778810980865
"908",0,0.0260777959555988
"909",0,0.0236275761749459
"910",1,0.239246337696237
"911",0,0.267737894529271
"912",0,0.134894087992081
"913",1,0.249993052607629
"914",0,0.28885000380315
"915",1,0.0597726220355049
"916",0,0.285918878373823
"917",0,0.0646698797950522
"918",0,0.00954934928717827
"919",0,0.042724680641311
"920",0,0.0723572659492425
"921",0,0.0931922569566791
"922",0,0.0117146290320349
"923",1,0.242846755166763
"924",0,0.67788914340189
"925",0,0.0777240372904902
"926",0,0.868908141651113
"927",1,0.713601717858514
"928",1,0.888021115488002
"929",0,0.113379151450236
"930",0,0.0360510646055386
"931",0,0.689892414091996
"932",1,0.71975493316455
"933",0,0.197025782289212
"934",0,0.148845509133853
"935",1,0.503796439598039
"936",0,0.350632114308428
"937",0,0.0327490315848126
"938",1,0.10738383902749
"939",1,0.0749963454631959
"940",1,0.674076984293354
"941",0,0.271922703702103
"942",0,0.559475264123814
"943",0,0.0350129745205898
"944",0,0.267538463130134
"945",1,0.803987635467356
"946",0,0.149941290942429
"947",0,0.105167599896055
"948",0,0.0119621257007932
"949",0,0.12077133551098
"950",0,0.0286214945826727
"951",1,0.467236416701113
"952",0,0.470996133295976
"953",1,0.199702991649169
"954",0,0.053662870278492
"955",0,0.243847917434305
"956",0,0.269136552139823
"957",0,0.0397698001447723
"958",0,0.168916977649436
"959",0,0.447718886844297
"960",0,0.552550560993126
"961",0,0.600091521811984
"962",0,0.58766040555581
"963",0,0.798473419714608
"964",1,0.338911488725541
"965",0,0.0472145764428977
"966",0,0.0324634599861571
"967",0,0.50728140874568
"968",0,0.100377293430875
"969",0,0.0102439451704989
"970",0,0.0188374053740951
"971",0,0.161615812427584
"972",0,0.024624908326811
"973",1,0.880529793169974
"974",1,0.238030102489724
"975",1,0.174869572266686
"976",0,0.621737089248057
"977",0,0.0496470760922192
"978",0,0.0914893267600622
"979",0,0.00705900902324816
"980",0,0.199373948664255
"981",1,0.252163683330877
"982",1,0.580965471780644
"983",0,0.234548207140734
"984",0,0.486745284539376
"985",0,0.0300436839670587
"986",0,0.00772132649835207
"987",0,0.0231778170385427
"988",0,0.0711452459665616
"989",1,0.560590870994751
"990",0,0.00748625191108972
"991",0,0.00637901050363222
"992",0,0.0412437197523663
"993",1,0.206341057818639
"994",0,0.0395772552527531
"995",0,0.048533315262994
"996",0,0.0375698626049014
"997",0,0.442602888253615
"998",1,0.682343959476495
"999",0,0.0585581783824398
"1000",0,0.162697361358831
"1001",0,0.228382065361837
"1002",0,0.0131364478553917
"1003",0,0.839187192270643
"1004",0,0.0389730966005804
"1005",0,0.477768799798414
"1006",1,0.152030124548977
"1007",1,0.379597846497262
"1008",1,0.645898099788174
"1009",0,0.0359291621716359
"1010",1,0.375324726720395
"1011",0,0.138696919422893
"1012",0,0.332453329007572
"1013",0,0.0280495072845185
"1014",0,0.0162081535268716
"1015",1,0.222594827497896
"1016",0,0.282474134359525
"1017",0,0.344070423561677
"1018",1,0.817007537574298
"1019",1,0.244375042449878
"1020",0,0.0602939570290277
"1021",0,0.0161197668142467
"1022",0,0.0876112753040314
"1023",0,0.589862775889054
"1024",0,0.0773433976130542
"1025",1,0.617378738601024
"1026",0,0.186164974124876
"1027",1,0.766299179254853
"1028",1,0.487575309487988
"1029",1,0.483716247167591
"1030",0,0.0718513903006245
"1031",0,0.00766678825634524
"1032",0,0.0130706916649366
"1033",0,0.0388006992428571
"1034",0,0.0710724118194743
"1035",0,0.0828000224244903
"1036",0,0.559479636512327
"1037",0,0.245258964719275
"1038",0,0.179085274602024
"1039",0,0.107705314775603
"1040",0,0.0205057665696774
"1041",1,0.457611799777036
"1042",0,0.0149019891435719
"1043",0,0.0265718282240011
"1044",0,0.115977406016176
"1045",0,0.0108498930954417
"1046",0,0.00858038972607432
"1047",0,0.305256931754683
"1048",0,0.356169603806074
"1049",0,0.126509234519793
"1050",0,0.636880818502027
"1051",0,0.0314187585094206
"1052",0,0.712086537467183
"1053",0,0.089765160458278
"1054",0,0.0288714179453493
"1055",0,0.0234087792299666
"1056",0,0.0132564289469729
"1057",0,0.0423467349853985
"1058",0,0.369255531604659
"1059",0,0.502343298909828
"1060",0,0.0272129058600443
"1061",0,0.108598353705013
"1062",0,0.0744907298364298
"1063",0,0.0872364016969281
"1064",0,0.0108876858041264
"1065",0,0.632024557722943
"1066",0,0.723843588027501
"1067",1,0.438508155057526
"1068",0,0.638728144853059
"1069",1,0.514808956046426
"1070",0,0.00909117994845593
"1071",0,0.0919730248935048
"1072",0,0.285647746271086
"1073",1,0.738417245612046
"1074",0,0.101285082834795
"1075",0,0.0454900294572278
"1076",1,0.679008795909305
"1077",0,0.379517611727232
"1078",0,0.156280477977726
"1079",1,0.596155691726985
"1080",0,0.0549593280279767
"1081",1,0.860220576220655
"1082",0,0.0713885639153025
"1083",0,0.143187462263329
"1084",0,0.0232724785108306
"1085",0,0.0105889244513897
"1086",0,0.0247812632360928
"1087",0,0.293510979448314
"1088",0,0.0441429653169424
"1089",0,0.136786389726283
"1090",1,0.530130355438498
"1091",0,0.420996836614604
"1092",0,0.363554837876445
"1093",0,0.0973975240912605
"1094",1,0.819888391097762
"1095",1,0.342498222904433
"1096",0,0.25487747643004
"1097",0,0.436095109019012
"1098",1,0.706559307243132
"1099",1,0.694838850546084
"1100",1,0.318962634285603
"1101",0,0.054804134673132
"1102",0,0.409798233412938
"1103",0,0.0671286107450003
"1104",1,0.741609881623134
"1105",0,0.0088976948206958
"1106",0,0.147583183336515
"1107",1,0.740257318044243
"1108",0,0.0544224094166635
"1109",0,0.0791691325969135
"1110",1,0.400950573844645
"1111",0,0.472523224843428
"1112",0,0.182607675114267
"1113",0,0.010341407925109
"1114",0,0.196024041714524
"1115",1,0.432689200021314
"1116",1,0.700057699403025
"1117",1,0.0437625372599365
"1118",0,0.42222142512902
"1119",0,0.375590704674258
"1120",1,0.635510426111009
"1121",0,0.0438038315884965
"1122",1,0.0996497028050845
"1123",0,0.381984608135148
"1124",0,0.364718296801767
"1125",1,0.874414758079009
"1126",0,0.0845550540912502
"1127",0,0.293091360312728
"1128",0,0.224406563565846
"1129",0,0.266020967286057
"1130",0,0.120781605325193
"1131",0,0.0640282815930994
"1132",0,0.199190160465885
"1133",0,0.206999302674822
"1134",0,0.10713153246863
"1135",0,0.00802021367330186
"1136",0,0.0152593886219483
"1137",0,0.0134401758563228
"1138",0,0.605081240916279
"1139",1,0.513892572698885
"1140",0,0.0224792506172589
"1141",0,0.0382508912799393
"1142",0,0.143942260829489
"1143",0,0.337098882944136
"1144",0,0.0180515856774842
"1145",1,0.785502987312911
"1146",1,0.737693672398316
"1147",0,0.035637145695007
"1148",0,0.282090131706684
"1149",0,0.074138772145311
"1150",0,0.0864481703588127
"1151",0,0.623150606328548
"1152",0,0.212834161720475
"1153",0,0.0636684704608481
"1154",0,0.010368912429615
"1155",1,0.102446933105656
"1156",0,0.304670484609459
"1157",0,0.326436312966851
"1158",0,0.0303991378454307
"1159",0,0.0275666079397463
"1160",0,0.072856627380912
"1161",0,0.628700031078185
"1162",0,0.0244826191214906
"1163",1,0.066531083363282
"1164",1,0.678383799221478
"1165",0,0.0125687578342439
"1166",0,0.205356626143948
"1167",1,0.618349171483449
"1168",0,0.00711619757844582
"1169",0,0.224040665006426
"1170",0,0.0127638893351211
"1171",0,0.0118564848833111
"1172",1,0.639081036291277
"1173",0,0.247616633933757
"1174",0,0.391910621172857
"1175",0,0.172234719336933
"1176",0,0.0305506638986068
"1177",1,0.010114335918095
"1178",0,0.101630299185845
"1179",0,0.0471823221736772
"1180",1,0.827586387563856
"1181",0,0.0839277344025306
"1182",1,0.610149806799968
"1183",0,0.50679909101607
"1184",0,0.00622254002654583
"1185",0,0.073487801728302
"1186",1,0.887091369564178
"1187",0,0.294566763015648
"1188",0,0.227324761069479
"1189",1,0.704749102380628
"1190",0,0.0104700233030723
"1191",0,0.114529341010261
"1192",1,0.434676338977737
"1193",0,0.0177451390315197
"1194",0,0.357777609133228
"1195",0,0.43285152470141
"1196",0,0.0349802413004646
"1197",0,0.0240843344812115
"1198",0,0.203196931964809
"1199",0,0.0189047719721371
"1200",0,0.133805206477913
"1201",1,0.418651887085112
"1202",0,0.22467270191166
"1203",1,0.607831461027439
"1204",0,0.46901933376822
"1205",0,0.0101058872868693
"1206",0,0.07786983291421
"1207",0,0.113366760514233
"1208",0,0.0317349928158689
"1209",0,0.440193207770534
"1210",0,0.182648218804224
"1211",0,0.0243383609044805
"1212",0,0.305565679531666
"1213",0,0.0669351210055637
"1214",0,0.299906245832475
"1215",1,0.794611815525024
"1216",0,0.158828632104868
"1217",0,0.162813290199618
"1218",0,0.00775586054669826
"1219",0,0.0281186370451702
"1220",1,0.287150132330042
"1221",0,0.0359403125589336
"1222",0,0.306691011364589
"1223",0,0.0391216489073142
"1224",1,0.739709598216673
"1225",0,0.204797375049522
"1226",1,0.159370929713495
"1227",0,0.10781701920747
"1228",0,0.0873479231237494
"1229",0,0.0887458684778415
"1230",0,0.0997430172787671
"1231",1,0.122034244413957
"1232",0,0.106683248699142
"1233",0,0.216882234079601
"1234",0,0.699366862127671
"1235",0,0.376946697883486
"1236",0,0.0129788538119714
"1237",0,0.0130983666920641
"1238",0,0.306315175597362
"1239",1,0.319103906344289
"1240",1,0.13365676976722
"1241",0,0.0176755251100563
"1242",0,0.647502129954944
"1243",0,0.0356044975123141
"1244",1,0.334444759746608
"1245",1,0.285622780847264
"1246",0,0.051828234917011
"1247",1,0.0307534454774127
"1248",0,0.504489077607438
"1249",1,0.676787043453817
"1250",0,0.61013334905448
"1251",1,0.158603845220013
"1252",0,0.102783563539077
"1253",0,0.0278955707610341
"1254",0,0.792064752687759
"1255",0,0.26928582667573
"1256",0,0.0860169150860317
"1257",0,0.0114783120306581
"1258",0,0.0121873092340562
"1259",0,0.583559669516957
"1260",0,0.104357096932242
"1261",0,0.382699872399902
"1262",0,0.203929031298842
"1263",1,0.478813436485591
"1264",0,0.0392833192798319
"1265",0,0.114444556531967
"1266",0,0.021491265747933
"1267",0,0.552419317182055
"1268",0,0.203271788111052
"1269",0,0.112741403063152
"1270",0,0.149756866865933
"1271",0,0.307564560274865
"1272",0,0.0214934451686315
"1273",0,0.267777792123986
"1274",0,0.197743345989194
"1275",0,0.0123599229033824
"1276",0,0.41007214606025
"1277",1,0.393793545240122
"1278",0,0.585625676316261
"1279",0,0.321850658832602
"1280",0,0.00670725261889062
"1281",0,0.689406068815382
"1282",0,0.0492672199154116
"1283",1,0.107757901828919
"1284",1,0.175083892106102
"1285",0,0.428790428450246
"1286",0,0.234005337911115
"1287",0,0.225577320832997
"1288",0,0.0492730961365831
"1289",0,0.348941239593319
"1290",1,0.0614953530289085
"1291",0,0.109619415706144
"1292",0,0.104159320836583
"1293",1,0.89655453253223
"1294",0,0.141505219252424
"1295",0,0.0348597272049425
"1296",1,0.808236885308625
"1297",0,0.35251440698763
"1298",0,0.0662194700176655
"1299",0,0.832795999725248
"1300",0,0.0094236171270217
"1301",1,0.111032612383921
"1302",0,0.0428386674904201
"1303",1,0.285439181587036
"1304",0,0.0353133999092132
"1305",0,0.127712098346033
"1306",0,0.0255996331535167
"1307",0,0.10482496266991
"1308",0,0.0237267328844248
"1309",0,0.0412120706341991
"1310",0,0.127574725393707
"1311",0,0.0397067980590081
"1312",0,0.384421369806786
"1313",0,0.105327240857128
"1314",1,0.591012195754092
"1315",0,0.0310616511927379
"1316",1,0.70577732332032
"1317",0,0.624380692492558
"1318",1,0.693832231191845
"1319",0,0.290788147414216
"1320",0,0.0781335921758163
"1321",0,0.407532982252253
"1322",0,0.450907866478433
"1323",0,0.180710748070513
"1324",1,0.743969109158319
"1325",0,0.244953574581803
"1326",0,0.0992495616090648
"1327",0,0.183096670390366
"1328",0,0.406767106182503
"1329",0,0.697845853138524
"1330",0,0.404973016798399
"1331",1,0.55106083255331
"1332",0,0.199329622755753
"1333",1,0.466220308423283
"1334",0,0.281304333220662
"1335",0,0.221837761308767
"1336",1,0.500158326956738
"1337",0,0.224505905674457
"1338",0,0.416467438530466
"1339",0,0.17919276851156
"1340",0,0.0750532221990923
"1341",0,0.0836487462814024
"1342",0,0.11032829588779
"1343",0,0.12346681066781
"1344",0,0.76372504703392
"1345",0,0.030298971345985
"1346",0,0.0512669120400653
"1347",0,0.0490634616099157
"1348",0,0.0794487311742215
"1349",0,0.282831950156087
"1350",1,0.0484433503242366
"1351",1,0.191616172184822
"1352",0,0.154666238315204
"1353",0,0.0341801336127885
"1354",0,0.268000571593431
"1355",0,0.176591173433241
"1356",0,0.0102680419697044
"1357",1,0.827650954124891
"1358",0,0.0172337433575206
"1359",1,0.379423543320978
"1360",1,0.384585195759031
"1361",1,0.376813907399534
"1362",0,0.393885687162165
"1363",1,0.288811908465519
"1364",1,0.382203717467489
"1365",0,0.646679205660143
"1366",0,0.0197157909518686
"1367",0,0.172184134072624
"1368",0,0.265869266229208
"1369",0,0.129029544189171
"1370",0,0.00981008701986459
"1371",1,0.847109622380877
"1372",1,0.784844842423359
"1373",0,0.00849230945381034
"1374",1,0.573536972159275
"1375",0,0.00597412136945277
"1376",0,0.663696395880563
"1377",0,0.0614303629370044
"1378",1,0.747571569962087
"1379",1,0.572466512990735
"1380",1,0.539281263481536
"1381",0,0.0830881071715152
"1382",0,0.0494810870853773
"1383",0,0.00809130703588743
"1384",0,0.0877405421582355
"1385",0,0.189830746269627
"1386",0,0.0771885117734345
"1387",0,0.290828560621791
"1388",0,0.694234916402871
"1389",1,0.592569598135658
"1390",1,0.461280221068376
"1391",0,0.0806870011775091
"1392",1,0.320765385566295
"1393",0,0.165948971661286
"1394",0,0.0178571173753477
"1395",1,0.627983224889443
"1396",1,0.600366789646262
"1397",1,0.185448060657211
"1398",0,0.463194073729682
"1399",0,0.347436997372141
"1400",1,0.695231642964005
"1401",0,0.427664191839085
"1402",0,0.0565584696039934
"1403",0,0.240067759311273
"1404",1,0.193990201512638
"1405",0,0.603799869926717
"1406",1,0.304643256034033
"1407",0,0.564760515667876
"1408",0,0.0968369602449882
"1409",0,0.0830401277753095
"1410",0,0.0737513282131249
"1411",0,0.591943968146862
"1412",0,0.267398917267416
"1413",1,0.874600170809916
"1414",0,0.0782676639968065
"1415",1,0.406602394949899
"1416",0,0.00579814737522066
"1417",0,0.0176421809319484
"1418",0,0.159514806647647
"1419",0,0.013101349793751
"1420",0,0.372542811836078
"1421",0,0.0183540207605913
"1422",0,0.0502244738999292
"1423",0,0.706290650017667
"1424",0,0.107107044221142
"1425",0,0.0660439707602999
"1426",1,0.191446014798818
"1427",0,0.00882944531991413
"1428",0,0.270423957256163
"1429",0,0.0205925743250951
"1430",0,0.461103735642103
"1431",1,0.682645183689617
"1432",1,0.741529921550138
"1433",0,0.467076487595077
"1434",1,0.629551821676242
"1435",0,0.0169844750073503
"1436",0,0.0249629673835472
"1437",0,0.340495775735278
"1438",0,0.0309223711302387
"1439",1,0.589878986470467
"1440",0,0.332134591080172
"1441",0,0.567703610007512
"1442",1,0.744514336136083
"1443",1,0.838694581533855
"1444",0,0.0258204630535232
"1445",1,0.574328141145637
"1446",0,0.21068352042829
"1447",0,0.224131525153497
"1448",1,0.252933450311895
"1449",0,0.25426975916365
"1450",1,0.267618224373737
"1451",0,0.151918925057693
"1452",0,0.136789811317838
"1453",0,0.00966668512523232
"1454",0,0.00674976556053003
"1455",0,0.00681346695954852
"1456",1,0.853540386856392
"1457",0,0.52248149247925
"1458",0,0.0876078696488842
"1459",1,0.0311137041792986
"1460",0,0.766763582753274
"1461",0,0.257373535236199
"1462",0,0.300655914949352
"1463",1,0.402778331223962
"1464",0,0.305610754178525
"1465",0,0.204049574075692
"1466",0,0.0428211581165058
"1467",1,0.150326271280754
"1468",0,0.141900838748924
"1469",1,0.185697040994841
"1470",1,0.558381558751537
"1471",0,0.0124668457600026
"1472",0,0.348652845266137
"1473",0,0.037307729950941
"1474",0,0.215792312864069
"1475",1,0.875703852717977
"1476",0,0.0104775789734783
"1477",0,0.783212375136262
"1478",0,0.270823447353996
"1479",0,0.105976375142144
"1480",1,0.443226781341205
"1481",0,0.0973571414849567
"1482",0,0.0481736480586057
"1483",0,0.559959177351454
"1484",0,0.404850171404804
"1485",0,0.145279199552728
"1486",1,0.0711493815996737
"1487",1,0.323662591901077
"1488",0,0.0366743138086413
"1489",0,0.0699262794897426
"1490",0,0.060229691171889
"1491",1,0.305708523673814
"1492",0,0.0197058997819209
"1493",0,0.0985469516750271
"1494",0,0.125769750606938
"1495",0,0.241229961120022
"1496",0,0.00879505883972497
"1497",1,0.726125500318842
"1498",0,0.00942600323389529
"1499",0,0.169496315484298
"1500",1,0.434361555733101
"1501",0,0.282673173213394
"1502",0,0.0147232958406216
"1503",1,0.543678808716817
"1504",0,0.0419746682832058
"1505",0,0.128655715614333
"1506",0,0.0856792601196617
"1507",0,0.0266707304418761
"1508",0,0.0345799769386229
"1509",0,0.128281701221857
"1510",1,0.183145632200412
"1511",1,0.390366404142613
"1512",0,0.267518525177077
"1513",0,0.209627729339234
"1514",0,0.0500092837715632
"1515",0,0.307097720036494
"1516",0,0.0855395649404933
"1517",0,0.015059872674216
"1518",1,0.74770712890937
"1519",0,0.0170011698682392
"1520",1,0.0962551997852694
"1521",0,0.126079127320543
"1522",0,0.179823220089547
"1523",0,0.22348102878361
"1524",1,0.12363835609313
"1525",0,0.0235081965754546
"1526",0,0.416389819267641
"1527",0,0.0966408975927318
"1528",0,0.63171750667207
"1529",0,0.124591841931663
"1530",0,0.179115192843904
"1531",1,0.519851232737798
"1532",0,0.261456098378182
"1533",0,0.109111619794881
"1534",0,0.0180978130716342
"1535",1,0.501367276919192
"1536",0,0.443149274426406
"1537",1,0.277884556178326
"1538",0,0.26395031804178
"1539",0,0.0113659523275154
"1540",0,0.14358627357959
"1541",0,0.0127340294592512
"1542",0,0.0116723661582599
"1543",1,0.886916026904326
"1544",0,0.0150289790825864
"1545",0,0.217484601101312
"1546",0,0.0268494814691795
"1547",0,0.0727759096978071
"1548",0,0.162183634278137
"1549",0,0.140871496179624
"1550",0,0.237653754689489
"1551",0,0.543913001021109
"1552",1,0.333587062058787
"1553",0,0.153829653762894
"1554",0,0.730779040314239
"1555",1,0.218664660347801
"1556",0,0.307939290867223
"1557",0,0.0119349441626397
"1558",0,0.011067611038677
"1559",0,0.13264669647645
"1560",1,0.542256608591505
"1561",0,0.0925094322236924
"1562",0,0.0346505485179318
"1563",0,0.00980476017428994
"1564",0,0.0892426405707562
"1565",0,0.0193458504180193
"1566",1,0.268765480519585
"1567",0,0.17900669369995
"1568",0,0.416926131425818
"1569",1,0.380599830201315
"1570",0,0.437212853729414
"1571",0,0.330893907988059
"1572",1,0.221915232455811
"1573",0,0.246606678437693
"1574",0,0.0931196360521383
"1575",0,0.0159130026902308
"1576",0,0.218548757603566
"1577",1,0.830420682546882
"1578",0,0.00914585246643694
"1579",0,0.267359055511229
"1580",0,0.0381497227834687
"1581",1,0.267698000705797
"1582",0,0.00744305186445861
"1583",0,0.121275049460603
"1584",0,0.369825306238566
"1585",1,0.238820442158469
"1586",1,0.153743743580112
"1587",0,0.0333450552237131
"1588",1,0.267319538923111
"1589",0,0.164789197843212
"1590",1,0.26167677622874
"1591",0,0.0105002472223643
"1592",0,0.0415711410282462
"1593",1,0.632442069993066
"1594",0,0.0271866040457754
"1595",0,0.192805349820994
"1596",0,0.232918918779874
"1597",0,0.11283416124202
"1598",0,0.281516910848832
"1599",0,0.00992549198953601
"1600",0,0.205373611320302
"1601",1,0.82170830782835
"1602",0,0.136438032347026
"1603",0,0.20520056570182
"1604",1,0.748725267236919
"1605",0,0.0386654661873917
"1606",0,0.175093759451411
"1607",0,0.0606990223473692
"1608",1,0.736384168546579
"1609",0,0.0240185979394481
"1610",1,0.50657109143935
"1611",0,0.2211158878643
"1612",1,0.764197253407883
"1613",0,0.0413626401322433
"1614",0,0.0602268562719304
"1615",1,0.773138649843658
"1616",0,0.0304703815961405
"1617",0,0.60134900282295
"1618",1,0.528296337969249
"1619",0,0.0122050069471587
"1620",1,0.460527000043376
"1621",1,0.314545028216217
"1622",0,0.134555314286861
"1623",1,0.666537935744146
"1624",0,0.196508067415656
"1625",1,0.734721318634264
"1626",1,0.541831567260834
"1627",0,0.0653608256775409
"1628",0,0.48294597005906
"1629",0,0.0769226047460949
"1630",0,0.0665901467386394
"1631",0,0.0241905233886719
"1632",0,0.118316636670666
"1633",0,0.0204851922484454
"1634",0,0.0161990625751243
"1635",0,0.279054794538008
"1636",0,0.0323750652190565
"1637",1,0.67788914340189
"1638",1,0.10566344138509
"1639",0,0.150863779568926
"1640",0,0.0256386116807233
"1641",1,0.333531639591411
"1642",1,0.0338002809746573
"1643",1,0.694314171583503
"1644",0,0.225304950210057
"1645",0,0.110768259175388
"1646",1,0.773503375546459
"1647",1,0.67270898931583
"1648",0,0.516284097711682
"1649",1,0.0596797917399912
"1650",0,0.152193913923546
"1651",0,0.0917299979713694
"1652",1,0.253878268349429
"1653",0,0.290560762092397
"1654",0,0.0291875310828299
"1655",1,0.796412749949374
"1656",0,0.0130519157553515
"1657",0,0.0149652820160405
"1658",0,0.0158800977144247
"1659",0,0.0193321497257309
"1660",0,0.0477466561303909
"1661",0,0.419524266043043
"1662",0,0.19217969418969
"1663",1,0.696565576941473
"1664",0,0.162080849145872
"1665",0,0.245464120855678
"1666",1,0.154664826670421
"1667",1,0.754967218053044
"1668",0,0.0515580729343877
"1669",0,0.101526516807731
"1670",0,0.0100664331156593
"1671",0,0.39266380139625
"1672",1,0.760607413620025
"1673",0,0.0139873124005127
"1674",0,0.260374598857457
"1675",0,0.37965834418986
"1676",0,0.773868897948416
"1677",0,0.0581163305895044
"1678",1,0.624212134144338
"1679",0,0.539317870994868
"1680",0,0.0426873846548926
"1681",0,0.40764279767385
"1682",0,0.267678055208366
"1683",0,0.611058349779552
"1684",0,0.223647647537352
"1685",1,0.131622015487285
"1686",0,0.225008145925764
"1687",0,0.0337055966038777
"1688",1,0.410990482004918
"1689",1,0.748725267236919
"1690",0,0.0264826838081967
"1691",0,0.0254454209437592
"1692",0,0.129190328500511
"1693",0,0.0392434689205414
"1694",1,0.109360345834246
"1695",0,0.311494779175462
"1696",1,0.0190471012260557
"1697",0,0.161332782242767
"1698",1,0.225285218797345
"1699",0,0.375904548692567
"1700",0,0.171603924325616
"1701",0,0.544751227240369
"1702",0,0.0698182248982269
"1703",0,0.23054473197471
"1704",0,0.00766494442788869
"1705",0,0.316572723697245
"1706",0,0.0358965210748962
"1707",0,0.0120369264129229
"1708",0,0.31300263945788
"1709",0,0.376898907110595
"1710",0,0.23055697678409
"1711",0,0.0593369043697285
"1712",0,0.316145648364189
"1713",1,0.8370461414217
"1714",0,0.0383145669192479
"1715",0,0.134324185133045
"1716",0,0.124768331989959
"1717",0,0.00639440356356134
"1718",1,0.614976367715818
"1719",0,0.776258018804511
"1720",0,0.174635669886337
"1721",1,0.504433345552143
"1722",0,0.355601353960072
"1723",0,0.733842282062294
"1724",1,0.516041931793018
"1725",0,0.210229029743358
"1726",0,0.0132962075383389
"1727",0,0.0194660867326624
"1728",1,0.700057699403025
"1729",0,0.0220625356670578
"1730",0,0.0396893562116686
"1731",0,0.103827866258648
"1732",0,0.0138076625348076
"1733",0,0.100908130813908
"1734",0,0.0174292603025133
"1735",0,0.10696545433999
"1736",0,0.115120755191568
"1737",1,0.671620262730108
"1738",1,0.267737894529271
"1739",0,0.0375443924466529
"1740",0,0.604983984155438
"1741",1,0.459740283404106
"1742",0,0.187812268475532
"1743",0,0.0699406264083247
"1744",0,0.101420693459495
"1745",0,0.407932280994587
"1746",1,0.786619186306851
"1747",0,0.157333590877635
"1748",1,0.474556842400644
"1749",0,0.0198272734435379
"1750",0,0.028126428125598
"1751",0,0.612801473815216
"1752",0,0.0696060670523933
"1753",1,0.797676279382158
"1754",1,0.826921354370612
"1755",0,0.325983866679438
"1756",0,0.342858058541237
"1757",0,0.365991875878436
"1758",0,0.596236904691464
"1759",0,0.0312558102906096
"1760",0,0.451771901963047
"1761",0,0.327618738943414
